{
  "Scenario": {
    "Site": {
      "Financial": {
        "om_cost_escalation_pct": 0.025,
        "escalation_pct": 0.023,
        "offtaker_tax_pct": 0.26,
        "offtaker_discount_pct": 0.083,
        "analysis_years": 25,
        "value_of_lost_load_us_dollars_per_kwh": 100,
        "microgrid_upgrade_cost_pct": 0.3
      },
      "LoadProfile": {
        "year": 2018,
        "loads_kw_is_net": true,
        "critical_loads_kw_is_net": false,
        "critical_load_pct": 0.5,
        "outage_is_major_event": true
      },
      "ElectricTariff": {
        "add_blended_rates_to_urdb_rate": false,
        "net_metering_limit_kw": 0,
        "interconnection_limit_kw": 100000000.0,
       "urdb_label": "5e162e2a5457a3d50873e3af"
      },
      "Wind": {
        "min_kw": 0,
        "max_kw": 0,
        "installed_cost_us_dollars_per_kw": 3013,
        "om_cost_us_dollars_per_kw": 40,
        "macrs_option_years": 5,
        "macrs_bonus_pct": 1,
        "macrs_itc_reduction": 0.5,
        "federal_itc_pct": 0.26,
        "state_ibi_pct": 0,
        "state_ibi_max_us_dollars": 10000000000.0,
        "utility_ibi_pct": 0,
        "utility_ibi_max_us_dollars": 10000000000.0,
        "federal_rebate_us_dollars_per_kw": 0,
        "state_rebate_us_dollars_per_kw": 0,
        "state_rebate_max_us_dollars": 10000000000.0,
        "utility_rebate_us_dollars_per_kw": 0,
        "utility_rebate_max_us_dollars": 10000000000.0,
        "pbi_us_dollars_per_kwh": 0,
        "pbi_max_us_dollars": 1000000000.0,
        "pbi_years": 1,
        "pbi_system_max_kw": 1000000000.0
      },
      "PV": {
        "pv_name": "Roof - South Face",
        "location":"roof",
        "existing_kw": 0,
        "existing_kw": 0,
        "min_kw": 0,
        "max_kw": 1000000000.0,
        "installed_cost_us_dollars_per_kw": 1600,
        "om_cost_us_dollars_per_kw": 16,
        "macrs_option_years": 5,
        "macrs_bonus_pct": 1,
        "macrs_itc_reduction": 0.5,
        "federal_itc_pct": 0.26,
        "state_ibi_pct": 0,
        "state_ibi_max_us_dollars": 10000000000.0,
        "utility_ibi_pct": 0,
        "utility_ibi_max_us_dollars": 10000000000.0,
        "federal_rebate_us_dollars_per_kw": 0,
        "state_rebate_us_dollars_per_kw": 0,
        "state_rebate_max_us_dollars": 10000000000.0,
        "utility_rebate_us_dollars_per_kw": 0,
        "utility_rebate_max_us_dollars": 10000000000.0,
        "pbi_us_dollars_per_kwh": 0,
        "pbi_max_us_dollars": 1000000000.0,
        "pbi_years": 1,
        "pbi_system_max_kw": 1000000000.0,
        "degradation_pct": 0.005,
        "azimuth": 180,
        "losses": 0.14,
        "array_type": 1,
        "module_type": 0,
        "gcr": 0.4,
        "dc_ac_ratio": 1.2,
        "inv_eff": 0.96,
        "radius": 0,
        "tilt": 0.537
      },
      "Storage": {
        "min_kw": 0,
        "max_kw": 1000000,
        "min_kwh": 0,
        "max_kwh": 1000000,
        "internal_efficiency_pct": 0.975,
        "inverter_efficiency_pct": 0.96,
        "rectifier_efficiency_pct": 0.96,
        "soc_min_pct": 0.2,
        "soc_init_pct": 0.5,
        "canGridCharge": true,
        "installed_cost_us_dollars_per_kw": 840,
        "installed_cost_us_dollars_per_kwh": 420,
        "replace_cost_us_dollars_per_kw": 410,
        "replace_cost_us_dollars_per_kwh": 200,
        "inverter_replacement_year": 10,
        "battery_replacement_year": 10,
        "macrs_option_years": 7,
        "macrs_bonus_pct": 1,
        "macrs_itc_reduction": 0.5,
        "total_itc_pct": 0.0,
        "total_rebate_us_dollars_per_kw": 0
      },
      "Generator": {
        "existing_kw": 0,
        "min_kw": 0,
        "max_kw": 1000000000.0,
        "installed_cost_us_dollars_per_kw": 500,
        "om_cost_us_dollars_per_kw": 10,
        "om_cost_us_dollars_per_kwh": 0.0,
        "diesel_fuel_cost_us_dollars_per_gallon": 3,
        "fuel_slope_gal_per_kwh": 0.076,
        "fuel_intercept_gal_per_hr": 0,
        "fuel_avail_gal": 660,
        "min_turn_down_pct": 0,
        "generator_only_runs_during_grid_outage": true,
        "generator_sells_energy_back_to_grid": false,
        "macrs_option_years": 0,
        "macrs_bonus_pct": 1,
        "macrs_itc_reduction": 0,
        "federal_itc_pct": 0,
        "state_ibi_pct": 0,
        "state_ibi_max_us_dollars": 0,
        "utility_ibi_pct": 0,
        "utility_ibi_max_us_dollars": 0,
        "federal_rebate_us_dollars_per_kw": 0,
        "state_rebate_us_dollars_per_kw": 0,
        "state_rebate_max_us_dollars": 0,
        "utility_rebate_us_dollars_per_kw": 0,
        "utility_rebate_max_us_dollars": 0,
        "pbi_us_dollars_per_kwh": 0,
        "pbi_max_us_dollars": 0,
        "pbi_years": 0,
        "pbi_system_max_kw": 0
      }
    },
    "timeout_seconds": 295,
    "time_steps_per_hour": 1
  }
}

