<measure>
  <name>Add Output Variable</name>
  <uid>2a058afb-e349-49ae-a4bf-2c56a42b4352</uid>
  <version_id>02db7fee-1908-4ec9-b704-015cdf722b54</version_id>
  <description>This measure adds an output variable at the requested reporting frequency.</description>
  <modeler_description>The measure just passes in the string and does not validate that it is a proper variable name. It is up to the user to know this or to look at the .rdd file from a previous simulation run.</modeler_description>
  <provenances/>
  <tags>
    <tag>Reporting.QAQC</tag>
  </tags>
  <attributes>
    <attribute>
      <name>Measure Type</name>
      <value>ModelMeasure</value>
      <datatype>string</datatype>
    </attribute>
    <attribute>
      <name>Measure Function</name>
      <value>Measure</value>
      <datatype>string</datatype>
    </attribute>
    <attribute>
      <name>Requires EnergyPlus Results</name>
      <value>false</value>
      <datatype>boolean</datatype>
    </attribute>
    <attribute>
      <name>Uses SketchUp API</name>
      <value>false</value>
      <datatype>boolean</datatype>
    </attribute>
  </attributes>
  <files>
    <file>
      <version>
        <software_program>OpenStudio</software_program>
        <identifier>1.0.0</identifier>
      </version>
      <filename>measure.rb</filename>
      <filetype>rb</filetype>
      <usage_type>script</usage_type>
      <checksum>DD59902E</checksum>
    </file>
    <file>
      <filename>AddOutputVariable_Test.rb</filename>
      <filetype>rb</filetype>
      <usage_type>test</usage_type>
      <checksum>D555F70A</checksum>
    </file>
  </files>
</measure>
