{
 "data_point" :  {
  "analysis_uuid" : "a8feca85-dab9-4510-8610-651ef847781d",
  "complete" : false,
  "data_point_type" : "DataPoint",
  "display_name" : "Baseline",
  "failed" : false,
  "name" : "Baseline",
  "problem_uuid" : "412b1879-f0ee-4919-ab90-6ab642fd39ee",
  "selected" : true,
  "uuid" : "5a7fff78-ed60-45ed-8814-291475333b02",
  "variable_values" : [
   {
    "value" : 0,
    "value_type" : "int",
    "variable_value_index" : 0
   },
   {
    "value" : 0,
    "value_type" : "int",
    "variable_value_index" : 1
   },
   {
    "value" : 0,
    "value_type" : "int",
    "variable_value_index" : 2
   },
   {
    "value" : 0,
    "value_type" : "int",
    "variable_value_index" : 3
   }
  ],
  "version_uuid" : "906ee92f-f9d8-4b45-bfbd-8b2db2333310"
 },
 "metadata" :  {
  "display_name" : "Baseline",
  "name" : "Baseline",
  "openstudio_version" : "1.0.4",
  "project_dir" : "C:/projects/openstudio-server-master/prototype/pat/PATTest",
  "uuid" : "5a7fff78-ed60-45ed-8814-291475333b02",
  "values" : [
   {
    "value" : 0,
    "variable_index" : 0,
    "variable_uuid" : "ae13cbfd-1be2-4185-aff3-8903f977fbd9"
   },
   {
    "value" : 0,
    "variable_index" : 1,
    "variable_uuid" : "05505496-bba2-49fc-9f86-5633ecafe0e5"
   },
   {
    "value" : 0,
    "variable_index" : 2,
    "variable_uuid" : "5ba3c9b4-2f5d-4792-9ef7-569108649aa2"
   },
   {
    "value" : 0,
    "variable_index" : 3,
    "variable_uuid" : "e0fe48c7-d80b-4e5f-83a8-c1e9d69e8ce7"
   }
  ],
  "version_uuid" : "5a7fff78-ed60-45ed-8814-291475333b02"
 }
}