<Attribute>
  <UUID>{a72d9459-09e4-40f4-b4be-a7714118e2ab}</UUID>
  <VersionUUID>{4830b50e-a168-4bb9-8163-519aabd59cab}</VersionUUID>
  <Name>Report</Name>
  <ValueType>AttributeVector</ValueType>
  <Value>
    <Attribute>
      <UUID>{a8a3cec3-3b9c-4550-9d49-2c2b306e2c55}</UUID>
      <VersionUUID>{2cf279a0-bb9b-42b5-8149-a6512d3cb2d4}</VersionUUID>
      <Name>Total Site Energy</Name>
      <ValueType>Double</ValueType>
      <Value>74.28</Value>
      <Units>GJ</Units>
    </Attribute>
    <Attribute>
      <UUID>{d3aaf117-07fd-4811-bfae-c38263d5f64d}</UUID>
      <VersionUUID>{75b48d99-f0c9-4553-8188-1b6ad341221a}</VersionUUID>
      <Name>Net Site Energy</Name>
      <ValueType>Double</ValueType>
      <Value>74.28</Value>
      <Units>GJ</Units>
    </Attribute>
    <Attribute>
      <UUID>{a963f5ef-c316-434a-be90-05baf6a28224}</UUID>
      <VersionUUID>{e40d4213-e465-4324-9020-9b9e4fa9b98a}</VersionUUID>
      <Name>Total Source Energy</Name>
      <ValueType>Double</ValueType>
      <Value>219.65</Value>
      <Units>GJ</Units>
    </Attribute>
    <Attribute>
      <UUID>{eb527760-e9c8-41e9-8b83-719771106f94}</UUID>
      <VersionUUID>{65010dcb-1c64-4cba-93bd-64b7eb37f2ef}</VersionUUID>
      <Name>Net Source Energy</Name>
      <ValueType>Double</ValueType>
      <Value>219.65</Value>
      <Units>GJ</Units>
    </Attribute>
    <Attribute>
      <UUID>{46120eb9-52a6-49b1-b768-9e6d104ac077}</UUID>
      <VersionUUID>{9cf6348b-6f07-47a8-8f3a-0bbde491e00f}</VersionUUID>
      <Name>Annual Total Utility Cost</Name>
      <ValueType>Double</ValueType>
      <Value>1166.84</Value>
      <Units>$</Units>
    </Attribute>
    <Attribute>
      <UUID>{2101c720-65f8-4cf4-b669-e7e5c67af56d}</UUID>
      <VersionUUID>{15aa7249-a1fb-4f84-a7d9-8d20d178295b}</VersionUUID>
      <Name>Annual Electric Total Cost</Name>
      <ValueType>Double</ValueType>
      <Value>1166.84</Value>
      <Units>$</Units>
    </Attribute>
    <Attribute>
      <UUID>{1a087a62-a3a7-40a5-9e34-89d889c2c24a}</UUID>
      <VersionUUID>{c4930dd9-e864-4655-b03a-5c77df2bcb2f}</VersionUUID>
      <Name>Annual Gas Total Cost</Name>
      <ValueType>Double</ValueType>
      <Value>0</Value>
      <Units>$</Units>
    </Attribute>
    <Attribute>
      <UUID>{95404aef-5482-4e62-b9da-35648e0585d8}</UUID>
      <VersionUUID>{9d20d9fc-00e0-4b7e-9b27-b37288492273}</VersionUUID>
      <Name>Net Site Energy Use Intentsity</Name>
      <ValueType>Double</ValueType>
      <Value>332.25</Value>
      <Units>MJ/m^2</Units>
    </Attribute>
    <Attribute>
      <UUID>{df2c2e70-1ccc-458b-81eb-2d1fbb8d51a1}</UUID>
      <VersionUUID>{80f18229-d734-4c30-bd24-8df5564e06df}</VersionUUID>
      <Name>Instantaneous Peak Electricity Demand</Name>
      <ValueType>Double</ValueType>
      <Value>3118.98</Value>
      <Units>kW</Units>
    </Attribute>
    <Attribute>
      <UUID>{397b4a8a-3ce9-4f8d-8c4f-252e92c2efb8}</UUID>
      <VersionUUID>{6779c328-f0b1-485f-a938-d4e36c91157e}</VersionUUID>
      <Name>Electricity Total End Uses</Name>
      <ValueType>Double</ValueType>
      <Value>47.42</Value>
      <Units>GJ</Units>
    </Attribute>
    <Attribute>
      <UUID>{eb8a4a63-a409-47fd-a3fd-567711e2a1d8}</UUID>
      <VersionUUID>{ea06c6ff-33b1-4ad5-8f4e-5fa0b93069ff}</VersionUUID>
      <Name>Natural Gas Total End Uses</Name>
      <ValueType>Double</ValueType>
      <Value>0</Value>
      <Units>GJ</Units>
    </Attribute>
    <Attribute>
      <UUID>{b5852e40-917f-4920-b86c-44c7cb0f6c66}</UUID>
      <VersionUUID>{c100978f-3a24-411e-b6c5-f1705089a4b4}</VersionUUID>
      <Name>District Cooling Total End Uses</Name>
      <ValueType>Double</ValueType>
      <Value>10.79</Value>
      <Units>GJ</Units>
    </Attribute>
    <Attribute>
      <UUID>{ccc8dd09-ab72-431a-a949-dcb35c23e057}</UUID>
      <VersionUUID>{72757a56-f962-440d-a3c8-4008b0805326}</VersionUUID>
      <Name>District Heating Total End Uses</Name>
      <ValueType>Double</ValueType>
      <Value>16.07</Value>
      <Units>GJ</Units>
    </Attribute>
    <Attribute>
      <UUID>{55cae2c5-1bdb-45be-87d8-2e32a7ada914}</UUID>
      <VersionUUID>{57d9121c-73c9-4b16-bd4e-902ecd5c34c2}</VersionUUID>
      <Name>EndUses.Electricity.InteriorLights.General</Name>
      <ValueType>Double</ValueType>
      <Value>25.23</Value>
      <Units>GJ</Units>
    </Attribute>
    <Attribute>
      <UUID>{542616a0-d9b9-44df-a768-11b9c411b0f3}</UUID>
      <VersionUUID>{d858f923-dba9-49f6-a9ce-da7e50d276e0}</VersionUUID>
      <Name>EndUses.Electricity.InteriorEquipment.General</Name>
      <ValueType>Double</ValueType>
      <Value>22.2</Value>
      <Units>GJ</Units>
    </Attribute>
    <Attribute>
      <UUID>{474ea5e1-0bc7-4300-91ab-f3574eb68a8e}</UUID>
      <VersionUUID>{9c2bd949-329f-4e1d-84e9-abbd40a2b525}</VersionUUID>
      <Name>EndUses.DistrictCooling.Cooling.General</Name>
      <ValueType>Double</ValueType>
      <Value>10.79</Value>
      <Units>GJ</Units>
    </Attribute>
    <Attribute>
      <UUID>{598054e5-c370-46d8-9a31-f687006770f1}</UUID>
      <VersionUUID>{31c652c2-2d1c-4772-a8f4-1816a24eb616}</VersionUUID>
      <Name>EndUses.DistrictHeating.Heating.General</Name>
      <ValueType>Double</ValueType>
      <Value>16.07</Value>
      <Units>GJ</Units>
    </Attribute>
    <Attribute>
      <UUID>{dcb94adf-3e7b-4a2d-b4ff-63f7b17def89}</UUID>
      <VersionUUID>{065ac411-c426-4209-8913-3e38a81dca41}</VersionUUID>
      <Name>First Year Capital Costs</Name>
      <ValueType>Double</ValueType>
      <Value>0</Value>
      <Units>$</Units>
    </Attribute>
    <Attribute>
      <UUID>{02132884-d04e-4a9b-80a4-a96b51738d95}</UUID>
      <VersionUUID>{1a39f4d7-eefc-4844-9e95-4850ac1e31eb}</VersionUUID>
      <Name>Total Life Cycle Cost</Name>
      <ValueType>Double</ValueType>
      <Value>20318.39</Value>
      <Units>$</Units>
    </Attribute>
    <Attribute>
      <UUID>{9a4fb963-3c7d-44bb-a6d6-500caeb33ea7}</UUID>
      <VersionUUID>{6bb9b100-104c-46cd-8973-6038c8d5dcc0}</VersionUUID>
      <Name>floorArea</Name>
      <DisplayName>Floor Area</DisplayName>
      <ValueType>Double</ValueType>
      <Value>223.581916746562</Value>
      <Units>m^2</Units>
    </Attribute>
    <Attribute>
      <UUID>{9bf1103f-42d6-4219-a5f3-e8e86cfa8ce9}</UUID>
      <VersionUUID>{1104c8f3-b5a2-42f0-b0c6-509aa12d1741}</VersionUUID>
      <Name>conditionedFloorArea</Name>
      <DisplayName>Conditioned Floor Area</DisplayName>
      <ValueType>Double</ValueType>
      <Value>223.581916746562</Value>
      <Units>m^2</Units>
    </Attribute>
    <Attribute>
      <UUID>{790f8f8d-94c2-4eb4-a4ee-aa9384c28a1c}</UUID>
      <VersionUUID>{65ad9b7b-115d-4076-9c80-6a9c127f77dc}</VersionUUID>
      <Name>EndUses</Name>
      <ValueType>AttributeVector</ValueType>
      <Value>
        <Attribute>
          <UUID>{88762b70-f22f-48ca-90a7-b5b027df501d}</UUID>
          <VersionUUID>{8f6f52e9-c1fe-4087-873a-d8352344b6e4}</VersionUUID>
          <Name>Electricity</Name>
          <ValueType>AttributeVector</ValueType>
          <Value>
            <Attribute>
              <UUID>{49ca0650-764d-4e5b-8f4b-59739fb91a92}</UUID>
              <VersionUUID>{1362643e-d4d4-477c-806d-440b3543876d}</VersionUUID>
              <Name>InteriorLights</Name>
              <ValueType>AttributeVector</ValueType>
              <Value>
                <Attribute>
                  <UUID>{5c798a35-17c7-4498-87f3-5ca5c719c2c7}</UUID>
                  <VersionUUID>{351ffc14-5f7e-410e-86e6-2093069a0327}</VersionUUID>
                  <Name>General</Name>
                  <ValueType>Double</ValueType>
                  <Value>25.23</Value>
                  <Units>GJ</Units>
                </Attribute>
              </Value>
            </Attribute>
            <Attribute>
              <UUID>{30f4e252-e0e9-4f45-a2c6-6db0a8a1ecdd}</UUID>
              <VersionUUID>{50f9085c-6e01-421b-ba81-89c3b04db18c}</VersionUUID>
              <Name>InteriorEquipment</Name>
              <ValueType>AttributeVector</ValueType>
              <Value>
                <Attribute>
                  <UUID>{99b1ee00-10c7-4c1b-9a0e-c54859e3c426}</UUID>
                  <VersionUUID>{aa682d23-7fa8-4d3e-a507-27f93e3dd006}</VersionUUID>
                  <Name>General</Name>
                  <ValueType>Double</ValueType>
                  <Value>22.2</Value>
                  <Units>GJ</Units>
                </Attribute>
              </Value>
            </Attribute>
          </Value>
        </Attribute>
        <Attribute>
          <UUID>{198e2e95-7d4b-47b2-b7d3-91c81ac87f90}</UUID>
          <VersionUUID>{8161cb6b-460b-4c08-bf50-481867f69460}</VersionUUID>
          <Name>DistrictCooling</Name>
          <ValueType>AttributeVector</ValueType>
          <Value>
            <Attribute>
              <UUID>{048112a9-1d13-4d35-a7b0-1215dc7e5cf2}</UUID>
              <VersionUUID>{f16ea79c-edd0-46b4-81b3-6a0786886906}</VersionUUID>
              <Name>Cooling</Name>
              <ValueType>AttributeVector</ValueType>
              <Value>
                <Attribute>
                  <UUID>{52b7a9d8-f3eb-462a-b6a9-e4566a006ef6}</UUID>
                  <VersionUUID>{cb34abfd-a6bd-4708-9c5d-7bc752e870bb}</VersionUUID>
                  <Name>General</Name>
                  <ValueType>Double</ValueType>
                  <Value>10.79</Value>
                  <Units>GJ</Units>
                </Attribute>
              </Value>
            </Attribute>
          </Value>
        </Attribute>
        <Attribute>
          <UUID>{dafdfa79-61b5-40f1-bd11-13261c987140}</UUID>
          <VersionUUID>{06913763-2f90-4bb1-bbda-d50061254395}</VersionUUID>
          <Name>DistrictHeating</Name>
          <ValueType>AttributeVector</ValueType>
          <Value>
            <Attribute>
              <UUID>{7fa1b9e7-d0f6-46fb-9af8-458066772186}</UUID>
              <VersionUUID>{1aa505ad-42a5-4929-bd26-f241ee6feea2}</VersionUUID>
              <Name>Heating</Name>
              <ValueType>AttributeVector</ValueType>
              <Value>
                <Attribute>
                  <UUID>{73e04d63-9167-4588-a12e-5120b488b7b0}</UUID>
                  <VersionUUID>{c98d91de-f572-4ca7-8a7c-de0f87181b06}</VersionUUID>
                  <Name>General</Name>
                  <ValueType>Double</ValueType>
                  <Value>16.07</Value>
                  <Units>GJ</Units>
                </Attribute>
              </Value>
            </Attribute>
          </Value>
        </Attribute>
      </Value>
    </Attribute>
    <Attribute>
      <UUID>{24a5b5b6-ca95-4a3e-aebf-bc3a41fe7b02}</UUID>
      <VersionUUID>{2f2cc32c-73e2-4776-8428-dfbf8cddd13e}</VersionUUID>
      <Name>CalibrationResult</Name>
      <ValueType>AttributeVector</ValueType>
      <Value>
        <Attribute>
          <UUID>{771e770a-faff-4638-8e9a-cd31ed472027}</UUID>
          <VersionUUID>{6e3ffc9e-8c49-4e4e-9492-0069b04df438}</VersionUUID>
          <Name>utilityBills</Name>
          <ValueType>AttributeVector</ValueType>
          <Value/>
        </Attribute>
      </Value>
    </Attribute>
  </Value>
</Attribute>
