{
    "data": [
        {
            "from": "2012-01-01T00:00:00Z",
            "to": "2012-01-30T23:59:59Z",
            "tot_kwh": 1031
        },
        {
            "from": "2012-02-01T00:00:00Z",
            "to": "2012-02-28T23:59:59Z",
            "tot_kwh": 1494
        },
        {
            "from": "2012-03-01T00:00:00Z",
            "to": "2012-03-31T23:59:59Z",
            "tot_kwh": 1428
        },
        {
            "from": "2012-04-01T00:00:00Z",
            "to": "2012-04-30T23:59:59Z",
            "tot_kwh": 1375
        },
        {
            "from": "2012-05-01T00:00:00Z",
            "to": "2012-05-31T23:59:59Z",
            "tot_kwh": 1584
        },
        {
            "from": "2012-06-01T00:00:00Z",
            "to": "2012-06-30T23:59:59Z",
            "tot_kwh": 1934
        },
        {
            "from": "2012-07-01T00:00:00Z",
            "to": "2012-07-31T23:59:59Z",
            "tot_kwh": 2059
        },
        {
            "from": "2012-08-01T00:00:00Z",
            "to": "2012-08-31T23:59:59Z",
            "tot_kwh": 2037
        },
        {
            "from": "2012-09-01T00:00:00Z",
            "to": "2012-09-30T23:59:59Z",
            "tot_kwh": 1664
        },
        {
            "from": "2012-10-01T00:00:00Z",
            "to": "2012-10-31T23:59:59Z",
            "tot_kwh": 1500
        },
        {
            "from": "2012-11-01T00:00:00Z",
            "to": "2012-11-30T23:59:59Z",
            "tot_kwh": 1381
        },
        {
            "from": "2012-12-01T00:00:00Z",
            "to": "2012-12-31T23:59:59Z",
            "tot_kwh": 1482
        },
        {
            "from": "2013-01-01T00:00:00Z",
            "to": "2013-01-30T23:59:59Z",
            "tot_kwh": 1562
        },
        {
            "from": "2013-02-01T00:00:00Z",
            "to": "2013-02-28T23:59:59Z",
            "tot_kwh": 1395
        },
        {
            "from": "2013-03-01T00:00:00Z",
            "to": "2013-03-31T23:59:59Z",
            "tot_kwh": 1279
        },
        {
            "from": "2013-04-01T00:00:00Z",
            "to": "2013-04-30T23:59:59Z",
            "tot_kwh": 1347
        },
        {
            "from": "2013-05-01T00:00:00Z",
            "to": "2013-05-31T23:59:59Z",
            "tot_kwh": 1363
        },
        {
            "from": "2013-06-01T00:00:00Z",
            "to": "2013-06-30T23:59:59Z",
            "tot_kwh": 1691
        },
        {
            "from": "2013-07-01T00:00:00Z",
            "to": "2013-07-31T23:59:59Z",
            "tot_kwh": 1852
        },
        {
            "from": "2013-08-01T00:00:00Z",
            "to": "2013-08-31T23:59:59Z",
            "tot_kwh": 1983
        },
        {
            "from": "2013-09-01T00:00:00Z",
            "to": "2013-09-30T23:59:59Z",
            "tot_kwh": 1650
        },
        {
            "from": "2013-10-01T00:00:00Z",
            "to": "2013-10-31T23:59:59Z",
            "tot_kwh": 1385
        },
        {
            "from": "2013-11-01T00:00:00Z",
            "to": "2013-11-30T23:59:59Z",
            "tot_kwh": 1347
        },
        {
            "from": "2013-12-01T00:00:00Z",
            "to": "2013-12-31T23:59:59Z",
            "tot_kwh": 1524
        }
    ]
}