{
    "data": [
        {
            "from": "2011-12-16T00:00:00Z",
            "to": "2012-01-18T23:59:59Z",
            "tot_therms": 51
        },
        {
            "from": "2012-01-19T00:00:00Z",
            "to": "2012-02-16T23:59:59Z",
            "tot_therms": 54
        },
        {
            "from": "2012-02-17T00:00:00Z",
            "to": "2012-03-18T23:59:59Z",
            "tot_therms": 37
        },
        {
            "from": "2012-03-19T00:00:00Z",
            "to": "2012-04-17T23:59:59Z",
            "tot_therms": 6
        },
        {
            "from": "2012-04-18T00:00:00Z",
            "to": "2012-05-16T23:59:59Z",
            "tot_therms": 0
        },
        {
            "from": "2012-05-17T00:00:00Z",
            "to": "2012-06-17T23:59:59Z",
            "tot_therms": 0
        },
        {
            "from": "2012-06-18T00:00:00Z",
            "to": "2012-07-17T23:59:59Z",
            "tot_therms": 0
        },
        {
            "from": "2012-07-18T00:00:00Z",
            "to": "2012-08-15T23:59:59Z",
            "tot_therms": 0
        },
        {
            "from": "2012-08-16T00:00:00Z",
            "to": "2012-09-16T23:59:59Z",
            "tot_therms": 0
        },
        {
            "from": "2012-09-17T00:00:00Z",
            "to": "2012-10-15T23:59:59Z",
            "tot_therms": 2
        },
        {
            "from": "2012-10-16T00:00:00Z",
            "to": "2012-11-13T23:59:59Z",
            "tot_therms": 11
        },
        {
            "from": "2012-11-14T00:00:00Z",
            "to": "2012-12-16T23:59:59Z",
            "tot_therms":35
        },
        {
            "from": "2012-12-17T00:00:00Z",
            "to": "2013-01-17T23:59:59Z",
            "tot_therms":83
        },
        {
            "from": "2013-01-18T00:00:00Z",
            "to": "2013-02-18T23:59:59Z",
            "tot_therms":52
        },
        {
            "from": "2013-02-19T00:00:00Z",
            "to": "2013-03-18T23:59:59Z",
            "tot_therms":54
        },
        {
            "from": "2013-03-19T00:00:00Z",
            "to": "2013-04-17T23:59:59Z",
            "tot_therms":41
        },
        {
            "from": "2013-04-18T00:00:00Z",
            "to": "2013-05-16T23:59:59Z",
            "tot_therms":14
        },
        {
            "from": "2013-05-17T00:00:00Z",
            "to": "2013-06-17T23:59:59Z",
            "tot_therms":1
        },
        {
            "from": "2013-06-18T00:00:00Z",
            "to": "2013-07-17T23:59:59Z",
            "tot_therms":0
        },
        {
            "from": "2013-07-18T00:00:00Z",
            "to": "2013-08-18T23:59:59Z",
            "tot_therms":0
        },
        {
            "from": "2013-08-19T00:00:00Z",
            "to": "2013-09-16T23:59:59Z",
            "tot_therms":0
        },
        {
            "from": "2013-09-17T00:00:00Z",
            "to": "2013-10-15T23:59:59Z",
            "tot_therms":1
        },
        {
            "from": "2013-10-16T00:00:00Z",
            "to": "2013-11-13T23:59:59Z",
            "tot_therms":19
        },
        {
            "from": "2013-11-14T00:00:00Z",
            "to": "2013-12-17T23:59:59Z",
            "tot_therms":51
        },
        {
            "from": "2013-12-18T00:00:00Z",
            "to": "2014-01-19T23:59:59Z",
            "tot_therms":66
        }
    ]
}