<measure>
  <name>Reduce Night Time Lighting Loads</name>
  <uid>93461778-59a1-49ca-8bbb-f4b939e4a9d8</uid>
  <version_id>35cb8b44-664c-4801-991f-a13efda7060f</version_id>
  <description>This measure lets you set the lighting schedule profile values for a specific time of day, and for specific days of the week.  This can be run across the entire model or a specific space type. Cost can be added per each light object.</description>
  <modeler_description>Make an array of space types to alter lighting schedules for. Clone and then edit the schedules. The rules will be edited based on the user arguments.  Summer and winter design day profiles will not be altered. Quantity for cost is calculated by looking at number of instances and quantity. Currently cost is added to the building, but in a future version cost will be associated with the instances.</modeler_description>
  <provenances/>
  <tags>
    <tag>Electric Lighting.Controls</tag>
  </tags>
  <attributes>
    <attribute>
      <name>Measure Type</name>
      <value>ModelMeasure</value>
      <datatype>string</datatype>
    </attribute>
    <attribute>
      <name>Measure Function</name>
      <value>Measure</value>
      <datatype>string</datatype>
    </attribute>
    <attribute>
      <name>Requires EnergyPlus Results</name>
      <value>false</value>
      <datatype>boolean</datatype>
    </attribute>
    <attribute>
      <name>Uses SketchUp API</name>
      <value>false</value>
      <datatype>boolean</datatype>
    </attribute>
  </attributes>
  <files>
    <file>
      <filename>EnvelopeAndLoadTestModel_01.osm</filename>
      <filetype>osm</filetype>
      <usage_type>test</usage_type>
      <checksum>1C34D03F</checksum>
    </file>
    <file>
      <filename>ReduceNightTimeLightingLoads_Test.rb</filename>
      <filetype>rb</filetype>
      <usage_type>test</usage_type>
      <checksum>89E602E8</checksum>
    </file>
    <file>
      <version>
        <software_program>OpenStudio</software_program>
        <identifier>1.0.0</identifier>
      </version>
      <filename>measure.rb</filename>
      <filetype>rb</filetype>
      <usage_type>script</usage_type>
      <checksum>8D2959DD</checksum>
    </file>
  </files>
</measure>
