{
 "analysis" :  {
  "data_points_are_invalid" : false,
  "display_name" : "Simple Project Analysis",
  "name" : "Simple Project Analysis",
  "problem" :   {
   "display_name" : "Simple Project Problem",
   "name" : "Simple Project Problem",
   "problem_type" : "Problem",
   "uuid" : "412b1879-f0ee-4919-ab90-6ab642fd39ee",
   "version_uuid" : "131ea56b-31ce-4c2a-9535-ed770a6c6b11",
   "workflow" : [
    {
     "display_name" : "Alternative Model",
     "measures" : [
      {
       "is_selected" : true,
       "measure_group_index" : 0,
       "measure_type" : "NullMeasure",
       "uuid" : "08fc4ef2-7be3-4912-8563-9c98be487e0b",
       "version_uuid" : "01ef8439-2835-402b-bc9b-1de24cf50f52"
      }
     ],
     "name" : "Alternative Model",
     "uuid" : "ae13cbfd-1be2-4185-aff3-8903f977fbd9",
     "version_uuid" : "1b9cad9f-1c4f-4fc7-a631-327241033572",
     "workflow_index" : 0,
     "workflow_step_type" : "MeasureGroup"
    },
    {
     "display_name" : "Rotate Building",
     "measures" : [
      {
       "is_selected" : true,
       "measure_group_index" : 0,
       "measure_type" : "NullMeasure",
       "uuid" : "53d4e18d-33d0-479f-8d27-8247e836572c",
       "version_uuid" : "31ea0014-7311-4973-a77c-6181edc650bb"
      },
      {
       "arguments" : [
        {
         "argument_index" : 0,
         "default_value" : 90.0,
         "display_name" : "Number of Degrees to Rotate Building (positive value is clockwise)",
         "domain_type" : "Interval",
         "name" : "relative_building_rotation",
         "required" : true,
         "type" : "Double",
         "uuid" : "8e42df38-57c4-4952-8c64-a674647b2c70",
         "version_uuid" : "4a946a09-d9ce-41b6-a9f5-70ac716814e4"
        }
       ],
       "bcl_measure_directory" : "C:/projects/openstudio-server-master/prototype/pat/PATTest/scripts/RotateBuilding",
       "bcl_measure_uuid" : "a5be6c96-4ecc-47fa-8d32-f4216ebc2e7d",
       "bcl_measure_version_uuid" : "6b7e3a85-8ba5-41f5-9275-b2ce40ce77f5",
       "description" : "Rotate your building relative to its current orientation. This will not rotate site shading objects.",
       "display_name" : "Rotate Building 90 degrees",
       "input_file_type" : "OSM",
       "is_selected" : true,
       "is_user_script" : false,
       "measure_group_index" : 1,
       "measure_type" : "RubyMeasure",
       "name" : "Rotate Building 90 degrees",
       "output_file_type" : "OSM",
       "uuid" : "4839a263-d0a9-4037-93e6-b5d89bf7a659",
       "version_uuid" : "bc58ea56-bf10-41c0-8b92-d3676530b83c"
      },
      {
       "arguments" : [
        {
         "argument_index" : 0,
         "default_value" : 90.0,
         "display_name" : "Number of Degrees to Rotate Building (positive value is clockwise)",
         "domain_type" : "Interval",
         "name" : "relative_building_rotation",
         "required" : true,
         "type" : "Double",
         "uuid" : "852ea37a-092d-4078-9370-e61dcefa5892",
         "value" : 180.0,
         "version_uuid" : "5cb48665-876d-416a-90cf-f4b136cd081f"
        }
       ],
       "bcl_measure_directory" : "C:/projects/openstudio-server-master/prototype/pat/PATTest/scripts/RotateBuilding",
       "bcl_measure_uuid" : "a5be6c96-4ecc-47fa-8d32-f4216ebc2e7d",
       "bcl_measure_version_uuid" : "6b7e3a85-8ba5-41f5-9275-b2ce40ce77f5",
       "description" : "Rotate your building relative to its current orientation. This will not rotate site shading objects.",
       "display_name" : "Rotate Building 180 degrees",
       "input_file_type" : "OSM",
       "is_selected" : true,
       "is_user_script" : false,
       "measure_group_index" : 2,
       "measure_type" : "RubyMeasure",
       "name" : "Rotate Building 180 degrees",
       "output_file_type" : "OSM",
       "uuid" : "b7832c17-bf4f-47be-9f32-3753e6b17b58",
       "version_uuid" : "2108c21b-4b7f-410f-88c1-0db59661f89f"
      },
      {
       "arguments" : [
        {
         "argument_index" : 0,
         "default_value" : 90.0,
         "display_name" : "Number of Degrees to Rotate Building (positive value is clockwise)",
         "domain_type" : "Interval",
         "name" : "relative_building_rotation",
         "required" : true,
         "type" : "Double",
         "uuid" : "f68f5db7-a515-4ed8-bf4c-97edd31ea03b",
         "value" : 270.0,
         "version_uuid" : "337331d7-3c51-415a-b660-00d189d0aa69"
        }
       ],
       "bcl_measure_directory" : "C:/projects/openstudio-server-master/prototype/pat/PATTest/scripts/RotateBuilding",
       "bcl_measure_uuid" : "a5be6c96-4ecc-47fa-8d32-f4216ebc2e7d",
       "bcl_measure_version_uuid" : "6b7e3a85-8ba5-41f5-9275-b2ce40ce77f5",
       "description" : "Rotate your building relative to its current orientation. This will not rotate site shading objects.",
       "display_name" : "Rotate Building 270 degrees",
       "input_file_type" : "OSM",
       "is_selected" : true,
       "is_user_script" : false,
       "measure_group_index" : 3,
       "measure_type" : "RubyMeasure",
       "name" : "Rotate Building 270 degrees",
       "output_file_type" : "OSM",
       "uuid" : "9327dbd3-2c36-4a0d-94a2-ffb52b3e780d",
       "version_uuid" : "722207bc-76de-4876-b303-f6775439098e"
      }
     ],
     "name" : "Rotate Building",
     "uuid" : "05505496-bba2-49fc-9f86-5633ecafe0e5",
     "version_uuid" : "76257b46-3ab8-47eb-a48d-ff2efc49b0a1",
     "workflow_index" : 1,
     "workflow_step_type" : "MeasureGroup"
    },
    {
     "display_name" : "Reduce Lighting Load",
     "measures" : [
      {
       "is_selected" : true,
       "measure_group_index" : 0,
       "measure_type" : "NullMeasure",
       "uuid" : "4c974e72-786c-4aa3-a4cc-bead43276d43",
       "version_uuid" : "19b51494-6257-42dd-a825-fcad61e8db6e"
      },
      {
       "arguments" : [
        {
         "argument_index" : 0,
         "choices" : [
          {
           "choice_index" : 0,
           "display_name" : "ASHRAE 189.1-2009 ClimateZone 4-8 MediumOffice",
           "value" : "{f4de87b0-5d1b-454c-9fc8-3f5a824ee533}"
          },
          {
           "choice_index" : 1,
           "display_name" : "*Entire Building*",
           "value" : "{08678ddd-175a-469b-9626-2f02c40b6916}"
          }
         ],
         "default_value" : "{08678ddd-175a-469b-9626-2f02c40b6916}",
         "display_name" : "Apply the Measure to a Specific Space Type or to the Entire Model",
         "domain_type" : "Enumeration",
         "name" : "space_type",
         "required" : true,
         "type" : "Choice",
         "uuid" : "09988191-1cf8-4217-a790-062901ee9759",
         "version_uuid" : "64755dd1-bffd-40a9-b403-ee43d205d00c"
        },
        {
         "argument_index" : 1,
         "default_value" : 30.0,
         "display_name" : "Electric Equipment Power Reduction Percentage",
         "domain_type" : "Interval",
         "name" : "reduction_percent",
         "required" : true,
         "type" : "Double",
         "uuid" : "29580d94-43b3-4881-96e4-935fa140bcf6",
         "version_uuid" : "0255c23a-4b07-4d05-a8a3-b093ef60880e"
        },
        {
         "argument_index" : 2,
         "default_value" : 150.0,
         "display_name" : "Increase in Material and Installation Cost for Lighting per Floor Area (%).",
         "domain_type" : "Interval",
         "name" : "material_and_installation_cost",
         "required" : true,
         "type" : "Double",
         "uuid" : "cab7d382-da06-4c27-89e2-fff8f7e72a6e",
         "version_uuid" : "3e6021f1-a1a5-4916-a345-b07b242c109f"
        },
        {
         "argument_index" : 3,
         "default_value" : 0.0,
         "display_name" : "Increase in Demolition Costs for Lighting per Floor Area (%).",
         "domain_type" : "Interval",
         "name" : "demolition_cost",
         "required" : true,
         "type" : "Double",
         "uuid" : "037842b8-bab0-4cd8-a04b-64a058f6b01b",
         "version_uuid" : "3e57d80e-3e75-4dfe-b5dd-505daaadca3c"
        },
        {
         "argument_index" : 4,
         "default_value" : 0,
         "display_name" : "Years Until Costs Start (whole years).",
         "domain_type" : "Interval",
         "name" : "years_until_costs_start",
         "required" : true,
         "type" : "Integer",
         "uuid" : "8ac455af-d9fa-48ba-a5ba-7bcff102d845",
         "version_uuid" : "0ae73332-15d6-417c-accb-04b6bff0d1fb"
        },
        {
         "argument_index" : 5,
         "default_value" : "false",
         "display_name" : "Demolition Costs Occur During Initial Construction?",
         "domain_type" : "Enumeration",
         "name" : "initial_demo_costs",
         "required" : true,
         "type" : "Boolean",
         "uuid" : "31091352-bbae-4ac1-b0b3-97e1445ed406",
         "version_uuid" : "83d62985-0a25-4fa7-a29d-dcfa915bd01b"
        },
        {
         "argument_index" : 6,
         "default_value" : 15,
         "display_name" : "Expected Life (whole years)",
         "domain_type" : "Interval",
         "name" : "expected_life",
         "required" : true,
         "type" : "Integer",
         "uuid" : "d7310c71-493c-486f-b9b7-e6eaf38f7603",
         "version_uuid" : "6297f50b-0fee-49be-9133-2155de03e0b1"
        },
        {
         "argument_index" : 7,
         "default_value" : 0.0,
         "display_name" : "Increase O & M Costs for Lighting per Floor Area (%).",
         "domain_type" : "Interval",
         "name" : "om_cost",
         "required" : true,
         "type" : "Double",
         "uuid" : "b7ef0571-db39-41c8-b2b6-bf511282381d",
         "version_uuid" : "01ee4d9b-aa91-434a-a967-9a00562a065b"
        },
        {
         "argument_index" : 8,
         "default_value" : 1,
         "display_name" : "O & M Frequency (whole years).",
         "domain_type" : "Interval",
         "name" : "om_frequency",
         "required" : true,
         "type" : "Integer",
         "uuid" : "a413b48f-7031-43a8-b4c2-0d38c7145d3b",
         "version_uuid" : "7658be79-7a01-466d-85e9-ad2b15224708"
        }
       ],
       "bcl_measure_directory" : "C:/projects/openstudio-server-master/prototype/pat/PATTest/scripts/ReduceLightingLoadsByPercentage",
       "bcl_measure_uuid" : "d37b7ed5-887a-4d1f-b304-259462eadbe9",
       "bcl_measure_version_uuid" : "7c57be45-3ff6-4f1a-b78e-4391c3ac0ca2",
       "description" : "The lighting system in this building uses more power per area than is required with the latest lighting technologies.  Replace the lighting system with a newer, more efficient lighting technology.  Newer technologies provide the same amount of light but use less energy in the process.",
       "display_name" : "Reduce Lighting Load By 30 percent",
       "input_file_type" : "OSM",
       "is_selected" : true,
       "is_user_script" : false,
       "measure_group_index" : 1,
       "measure_type" : "RubyMeasure",
       "name" : "Reduce Lighting Load By 30 percent",
       "output_file_type" : "OSM",
       "uuid" : "883ebc58-845f-4708-81b2-0930d9cf22e0",
       "version_uuid" : "8725b62f-967a-4c0a-a377-c5a3e68c5295"
      },
      {
       "arguments" : [
        {
         "argument_index" : 0,
         "choices" : [
          {
           "choice_index" : 0,
           "display_name" : "ASHRAE 189.1-2009 ClimateZone 4-8 MediumOffice",
           "value" : "{f4de87b0-5d1b-454c-9fc8-3f5a824ee533}"
          },
          {
           "choice_index" : 1,
           "display_name" : "*Entire Building*",
           "value" : "{08678ddd-175a-469b-9626-2f02c40b6916}"
          }
         ],
         "default_value" : "{08678ddd-175a-469b-9626-2f02c40b6916}",
         "display_name" : "Apply the Measure to a Specific Space Type or to the Entire Model",
         "domain_type" : "Enumeration",
         "name" : "space_type",
         "required" : true,
         "type" : "Choice",
         "uuid" : "07c72605-d097-4c92-a5b4-1e999f49e20d",
         "version_uuid" : "a6722a6d-1295-4f73-a824-7a1c88aa3856"
        },
        {
         "argument_index" : 1,
         "default_value" : 30.0,
         "display_name" : "Electric Equipment Power Reduction Percentage",
         "domain_type" : "Interval",
         "name" : "reduction_percent",
         "required" : true,
         "type" : "Double",
         "uuid" : "a21781f1-8d34-46a2-8cf4-0fcce91663ae",
         "version_uuid" : "9c433187-96ee-4a8d-b3f4-9f2c1d66848a"
        },
        {
         "argument_index" : 2,
         "default_value" : 150.0,
         "display_name" : "Increase in Material and Installation Cost for Lighting per Floor Area (%).",
         "domain_type" : "Interval",
         "name" : "material_and_installation_cost",
         "required" : true,
         "type" : "Double",
         "uuid" : "d9ad0b79-b0d7-443a-b91d-28f15332c8c4",
         "version_uuid" : "91c24b45-e04a-443c-ab27-777bcebc3699"
        },
        {
         "argument_index" : 3,
         "default_value" : 0.0,
         "display_name" : "Increase in Demolition Costs for Lighting per Floor Area (%).",
         "domain_type" : "Interval",
         "name" : "demolition_cost",
         "required" : true,
         "type" : "Double",
         "uuid" : "460e9734-02be-4418-a5d2-b2ce0a401534",
         "version_uuid" : "bdefed2e-af4b-44c8-a085-d4dfe67ef017"
        },
        {
         "argument_index" : 4,
         "default_value" : 0,
         "display_name" : "Years Until Costs Start (whole years).",
         "domain_type" : "Interval",
         "name" : "years_until_costs_start",
         "required" : true,
         "type" : "Integer",
         "uuid" : "75289e65-14ba-4e5b-81ea-ed0ed4bfd7fc",
         "version_uuid" : "2010c4cf-8be3-438b-8375-134d7fc31eaa"
        },
        {
         "argument_index" : 5,
         "default_value" : "false",
         "display_name" : "Demolition Costs Occur During Initial Construction?",
         "domain_type" : "Enumeration",
         "name" : "initial_demo_costs",
         "required" : true,
         "type" : "Boolean",
         "uuid" : "c52b9604-398d-42e2-a931-6052ead9ce2c",
         "version_uuid" : "8828ce47-b3d5-43bd-9be2-3f83b9897ce0"
        },
        {
         "argument_index" : 6,
         "default_value" : 15,
         "display_name" : "Expected Life (whole years)",
         "domain_type" : "Interval",
         "name" : "expected_life",
         "required" : true,
         "type" : "Integer",
         "uuid" : "5d9db3fc-26e7-4d27-b6e8-442f01f50402",
         "version_uuid" : "5ac4c97b-3f37-4c71-aa9f-411269710405"
        },
        {
         "argument_index" : 7,
         "default_value" : 0.0,
         "display_name" : "Increase O & M Costs for Lighting per Floor Area (%).",
         "domain_type" : "Interval",
         "name" : "om_cost",
         "required" : true,
         "type" : "Double",
         "uuid" : "5059ecb2-c97c-4498-ac0d-266c5b85bdcc",
         "version_uuid" : "372ece8b-63ea-430a-966f-97ea3f655875"
        },
        {
         "argument_index" : 8,
         "default_value" : 1,
         "display_name" : "O & M Frequency (whole years).",
         "domain_type" : "Interval",
         "name" : "om_frequency",
         "required" : true,
         "type" : "Integer",
         "uuid" : "e83b59dd-fe54-4fb6-9fca-1da2bda52955",
         "version_uuid" : "dc1e0562-9bb7-494e-afe4-8081ef8f5754"
        }
       ],
       "bcl_measure_directory" : "C:/projects/openstudio-server-master/prototype/pat/PATTest/scripts/ReduceLightingLoadsByPercentage",
       "bcl_measure_uuid" : "d37b7ed5-887a-4d1f-b304-259462eadbe9",
       "bcl_measure_version_uuid" : "7c57be45-3ff6-4f1a-b78e-4391c3ac0ca2",
       "description" : "The lighting system in this building uses more power per area than is required with the latest lighting technologies.  Replace the lighting system with a newer, more efficient lighting technology.  Newer technologies provide the same amount of light but use less energy in the process.",
       "display_name" : "Reduce Lighting Load By 50 percent",
       "input_file_type" : "OSM",
       "is_selected" : true,
       "is_user_script" : false,
       "measure_group_index" : 2,
       "measure_type" : "RubyMeasure",
       "name" : "Reduce Lighting Load By 50 percent",
       "output_file_type" : "OSM",
       "uuid" : "3bad6d70-9cc6-4f1d-a98f-b69a59d994bf",
       "version_uuid" : "c44b1ceb-8d25-4f58-ac0f-e2a8835d99d4"
      }
     ],
     "name" : "Reduce Lighting Load",
     "uuid" : "5ba3c9b4-2f5d-4792-9ef7-569108649aa2",
     "version_uuid" : "92a931e7-a917-4ac4-abb7-171e8cf56ff3",
     "workflow_index" : 2,
     "workflow_step_type" : "MeasureGroup"
    },
    {
     "params" : [
      {
       "param" :        {
        "children" : [
         {
          "param" :           {
           "value" : ""
          },
          "param_index" : 0
         }
        ],
        "value" : "workflowjobkey"
       },
       "param_index" : 0
      },
      {
       "param" :        {
        "children" : [
         {
          "param" :           {
           "value" : "9d4864298980faebecd100777216acb2"
          },
          "param_index" : 0
         }
        ],
        "value" : "workflowkey"
       },
       "param_index" : 1
      }
     ],
     "type" : "ModelToIdf",
     "workflow_index" : 3,
     "workflow_step_type" : "WorkItem"
    },
    {
     "params" : [
      {
       "param" :        {
        "children" : [
         {
          "param" :           {
           "value" : ""
          },
          "param_index" : 0
         }
        ],
        "value" : "workflowjobkey"
       },
       "param_index" : 0
      }
     ],
     "type" : "ExpandObjects",
     "workflow_index" : 4,
     "workflow_step_type" : "WorkItem"
    },
    {
     "display_name" : "Xcel EDA Tariff Selection and Model Setup Group",
     "measures" : [
      {
       "arguments" : [
        {
         "argument_index" : 0,
         "choices" : [
          {
           "choice_index" : 0,
           "display_name" : "Residential General",
           "value" : "Residential General"
          },
          {
           "choice_index" : 1,
           "display_name" : "Commercial",
           "value" : "Commercial"
          },
          {
           "choice_index" : 2,
           "display_name" : "Primary General",
           "value" : "Primary General"
          },
          {
           "choice_index" : 3,
           "display_name" : "Secondary General Low Load Factor",
           "value" : "Secondary General Low Load Factor"
          },
          {
           "choice_index" : 4,
           "display_name" : "Secondary General",
           "value" : "Secondary General"
          },
          {
           "choice_index" : 5,
           "display_name" : "Secondary Photovoltaic Time-of-Use",
           "value" : "Secondary Photovoltaic Time-of-Use"
          },
          {
           "choice_index" : 6,
           "display_name" : "Transmission General",
           "value" : "Transmission General"
          },
          {
           "choice_index" : 7,
           "display_name" : "Non-Xcel Commercial",
           "value" : "Non-Xcel Commercial"
          },
          {
           "choice_index" : 8,
           "display_name" : "Non-Xcel Primary General",
           "value" : "Non-Xcel Primary General"
          },
          {
           "choice_index" : 9,
           "display_name" : "Non-Xcel Secondary General Low Load Factor",
           "value" : "Non-Xcel Secondary General Low Load Factor"
          },
          {
           "choice_index" : 10,
           "display_name" : "Non-Xcel Secondary General",
           "value" : "Non-Xcel Secondary General"
          },
          {
           "choice_index" : 11,
           "display_name" : "Non-Xcel Transmission General",
           "value" : "Non-Xcel Transmission General"
          }
         ],
         "default_value" : "Secondary General",
         "display_name" : "Select an Electricity Tariff",
         "domain_type" : "Enumeration",
         "name" : "elec_tar",
         "required" : true,
         "type" : "Choice",
         "uuid" : "f1cc663e-6971-4f4c-b8bc-fc34752c3ad1",
         "version_uuid" : "d8058e12-b342-4992-a641-4a53f95ea3ee"
        },
        {
         "argument_index" : 1,
         "choices" : [
          {
           "choice_index" : 0,
           "display_name" : "Residential Gas",
           "value" : "Residential Gas"
          },
          {
           "choice_index" : 1,
           "display_name" : "Small CG",
           "value" : "Small CG"
          },
          {
           "choice_index" : 2,
           "display_name" : "Large CG",
           "value" : "Large CG"
          },
          {
           "choice_index" : 3,
           "display_name" : "Interruptible Industrial G",
           "value" : "Interruptible Industrial G"
          },
          {
           "choice_index" : 4,
           "display_name" : "Non-Xcel Gas Firm",
           "value" : "Non-Xcel Gas Firm"
          },
          {
           "choice_index" : 5,
           "display_name" : "Non-Xcel Gas Interruptible",
           "value" : "Non-Xcel Gas Interruptible"
          }
         ],
         "default_value" : "Large CG",
         "display_name" : "Select a Gas Tariff",
         "domain_type" : "Enumeration",
         "name" : "gas_tar",
         "required" : true,
         "type" : "Choice",
         "uuid" : "cdbc59cd-8699-4516-8480-a17dbc546858",
         "version_uuid" : "a92f8fde-c3bd-4adb-8929-0287478813a6"
        }
       ],
       "bcl_measure_directory" : "C:/projects/openstudio-server-master/prototype/pat/PATTest/scripts/XcelEDATariffSelectionandModelSetup",
       "bcl_measure_uuid" : "c5ab60e9-b8e5-4653-a502-5ed030f1335d",
       "bcl_measure_version_uuid" : "c30d17a3-c3ea-410f-b301-6e915a486c28",
       "description" : "Add the selected Xcel utility rate, as well as set the timestep and lifecycle costing parameters as required by the Xcel EDA program.",
       "display_name" : "Xcel EDA Tariff Selection and Model Setup",
       "input_file_type" : "IDF",
       "is_selected" : true,
       "is_user_script" : false,
       "measure_group_index" : 0,
       "measure_type" : "RubyMeasure",
       "name" : "Xcel EDA Tariff Selection and Model Setup",
       "output_file_type" : "IDF",
       "uuid" : "6dc40350-47bd-4612-baa1-4cf439d5f6d7",
       "version_uuid" : "2146c0de-509c-468b-b03d-1773f18f1b0d"
      }
     ],
     "name" : "Xcel EDA Tariff Selection and Model Setup Group",
     "uuid" : "e0fe48c7-d80b-4e5f-83a8-c1e9d69e8ce7",
     "version_uuid" : "4709b95d-3a07-4629-bba7-18c6fa16209d",
     "workflow_index" : 5,
     "workflow_step_type" : "MeasureGroup"
    },
    {
     "params" : [
      {
       "param" :        {
        "children" : [
         {
          "param" :           {
           "value" : ""
          },
          "param_index" : 0
         }
        ],
        "value" : "workflowjobkey"
       },
       "param_index" : 0
      },
      {
       "param" :        {
        "children" : [
         {
          "param" :           {
           "value" : "d70bd3cbf4894eb54cf62b51bb88c560"
          },
          "param_index" : 0
         }
        ],
        "value" : "workflowkey"
       },
       "param_index" : 1
      }
     ],
     "type" : "EnergyPlusPreProcess",
     "workflow_index" : 6,
     "workflow_step_type" : "WorkItem"
    },
    {
     "params" : [
      {
       "param" :        {
        "children" : [
         {
          "param" :           {
           "value" : ""
          },
          "param_index" : 0
         }
        ],
        "value" : "workflowjobkey"
       },
       "param_index" : 0
      }
     ],
     "type" : "EnergyPlus",
     "workflow_index" : 7,
     "workflow_step_type" : "WorkItem"
    },
    {
     "params" : [
      {
       "param" :        {
        "children" : [
         {
          "param" :           {
           "value" : ""
          },
          "param_index" : 0
         }
        ],
        "value" : "workflowjobkey"
       },
       "param_index" : 0
      }
     ],
     "type" : "OpenStudioPostProcess",
     "workflow_index" : 8,
     "workflow_step_type" : "WorkItem"
    }
   ]
  },
  "results_are_invalid" : false,
  "seed" :   {
   "checksum_create" : "2EDE1A05",
   "checksum_last" : "2EDE1A05",
   "display_name" : "seed",
   "file_type" : "OSM",
   "name" : "C:/working/openstudio-server/prototype/pat/PATTest/seed/seed.osm",
   "path" : "C:/projects/openstudio-server-master/prototype/pat/PATTest/seed/seed.osm",
   "timestamp_create" : "20130716T144225",
   "timestamp_last" : "20130822T114007",
   "uuid" : "e105d3df-8259-4257-a89c-f31cd7a62e52",
   "version_uuid" : "9020d03a-b26d-499f-b448-8be3451f7925"
  },
  "uuid" : "a8feca85-dab9-4510-8610-651ef847781d",
  "version_uuid" : "ada30015-5c86-4289-84ac-af42a1e124c4",
  "weather_file" :   {
   "checksum_create" : "72673005",
   "checksum_last" : "72673005",
   "display_name" : "USA_CO_Golden-NREL.724666_TMY3",
   "file_type" : "EPW",
   "name" : "C:/working/openstudio-server/prototype/pat/PATTest/seed/seed/files/USA_CO_Golden-NREL.724666_TMY3.epw",
   "path" : "C:/projects/openstudio-server-master/prototype/pat/PATTest/seed/seed/files/USA_CO_Golden-NREL.724666_TMY3.epw",
   "timestamp_create" : "20130716T144225",
   "timestamp_last" : "20130822T114007",
   "uuid" : "9a6a9a9e-0cc6-4396-8373-d1736300a006",
   "version_uuid" : "81218b06-2bd9-4f7f-acfd-476cc62ec124"
  }
 },
 "metadata" :  {
  "openstudio_version" : "1.0.4",
  "project_dir" : "C:/projects/openstudio-server-master/prototype/pat/analysis",
  "variables" : [
   {
    "display_name" : "Alternative Model",
    "maximum" : 0,
    "minimum" : 0,
    "name" : "Alternative Model",
    "type" : "Integer",
    "uuid" : "ae13cbfd-1be2-4185-aff3-8903f977fbd9",
    "variable_index" : 0,
    "version_uuid" : "ae13cbfd-1be2-4185-aff3-8903f977fbd9"
   },
   {
    "display_name" : "Rotate Building",
    "maximum" : 3,
    "minimum" : 0,
    "name" : "Rotate Building",
    "type" : "Integer",
    "uuid" : "05505496-bba2-49fc-9f86-5633ecafe0e5",
    "variable_index" : 1,
    "version_uuid" : "05505496-bba2-49fc-9f86-5633ecafe0e5"
   },
   {
    "display_name" : "Reduce Lighting Load",
    "maximum" : 2,
    "minimum" : 0,
    "name" : "Reduce Lighting Load",
    "type" : "Integer",
    "uuid" : "5ba3c9b4-2f5d-4792-9ef7-569108649aa2",
    "variable_index" : 2,
    "version_uuid" : "5ba3c9b4-2f5d-4792-9ef7-569108649aa2"
   },
   {
    "display_name" : "Xcel EDA Tariff Selection and Model Setup Group",
    "maximum" : 0,
    "minimum" : 0,
    "name" : "Xcel EDA Tariff Selection and Model Setup Group",
    "type" : "Integer",
    "uuid" : "e0fe48c7-d80b-4e5f-83a8-c1e9d69e8ce7",
    "variable_index" : 3,
    "version_uuid" : "e0fe48c7-d80b-4e5f-83a8-c1e9d69e8ce7"
   }
  ]
 }
}