<Attribute>
  <UUID>{8abe869a-8459-4ca2-abca-d48faa912630}</UUID>
  <VersionUUID>{8a16f5b2-de8b-41cc-8d4e-40774f86968d}</VersionUUID>
  <Name>Report</Name>
  <ValueType>AttributeVector</ValueType>
  <Value>
    <Attribute>
      <UUID>{88b29eb7-983c-49b8-bf93-2ef6a8f9d7cc}</UUID>
      <VersionUUID>{6b3848af-f3b3-47dc-be03-92626af58522}</VersionUUID>
      <Name>Total Site Energy</Name>
      <ValueType>Double</ValueType>
      <Value>73.62</Value>
      <Units>GJ</Units>
    </Attribute>
    <Attribute>
      <UUID>{9b387b08-c34b-4a3b-b75b-1803bb3cf34a}</UUID>
      <VersionUUID>{00e3be9a-8ff5-42b3-8f47-39aef8dc9429}</VersionUUID>
      <Name>Net Site Energy</Name>
      <ValueType>Double</ValueType>
      <Value>73.62</Value>
      <Units>GJ</Units>
    </Attribute>
    <Attribute>
      <UUID>{f4387904-2c87-4981-a8bb-2ca027139dfe}</UUID>
      <VersionUUID>{570d6e8a-a568-4a5c-a449-6f2cc001bc65}</VersionUUID>
      <Name>Total Source Energy</Name>
      <ValueType>Double</ValueType>
      <Value>214.41</Value>
      <Units>GJ</Units>
    </Attribute>
    <Attribute>
      <UUID>{4878ba9e-a2c5-4557-ae76-c179ec881c3d}</UUID>
      <VersionUUID>{7cd1bab3-e92f-4b61-b870-86f5fab5cd4c}</VersionUUID>
      <Name>Net Source Energy</Name>
      <ValueType>Double</ValueType>
      <Value>214.41</Value>
      <Units>GJ</Units>
    </Attribute>
    <Attribute>
      <UUID>{cc303aa5-819d-48d0-bb56-b9449cd50e3e}</UUID>
      <VersionUUID>{b3a3160f-42fc-46a5-ad09-525240a5e809}</VersionUUID>
      <Name>Annual Total Utility Cost</Name>
      <ValueType>Double</ValueType>
      <Value>1166.84</Value>
      <Units>$</Units>
    </Attribute>
    <Attribute>
      <UUID>{9610e30c-0ac4-41fb-ad6f-4de0916573d1}</UUID>
      <VersionUUID>{dd4c41a2-55f5-42d1-a5f2-9f68a35774c3}</VersionUUID>
      <Name>Annual Electric Total Cost</Name>
      <ValueType>Double</ValueType>
      <Value>1166.84</Value>
      <Units>$</Units>
    </Attribute>
    <Attribute>
      <UUID>{92940012-78e4-41b5-acb0-c99a5b48021d}</UUID>
      <VersionUUID>{3fb339c4-7527-4af2-93b7-eb4b7fcc2194}</VersionUUID>
      <Name>Annual Gas Total Cost</Name>
      <ValueType>Double</ValueType>
      <Value>0</Value>
      <Units>$</Units>
    </Attribute>
    <Attribute>
      <UUID>{2d12db8c-c072-42f8-8f93-06cf483a5c91}</UUID>
      <VersionUUID>{c108f108-e8bc-4c40-85b8-a668f9cf0e92}</VersionUUID>
      <Name>Net Site Energy Use Intentsity</Name>
      <ValueType>Double</ValueType>
      <Value>329.28</Value>
      <Units>MJ/m^2</Units>
    </Attribute>
    <Attribute>
      <UUID>{ad0dff2b-012c-4c4a-9166-cbf4c9ad3f2e}</UUID>
      <VersionUUID>{922eaad7-45e3-49f7-bf07-6a39eda67200}</VersionUUID>
      <Name>Instantaneous Peak Electricity Demand</Name>
      <ValueType>Double</ValueType>
      <Value>3118.98</Value>
      <Units>kW</Units>
    </Attribute>
    <Attribute>
      <UUID>{36811e3d-4754-46a9-b264-140ca2ef1e65}</UUID>
      <VersionUUID>{14024621-65f3-490a-a10b-788a10975d44}</VersionUUID>
      <Name>Electricity Total End Uses</Name>
      <ValueType>Double</ValueType>
      <Value>47.42</Value>
      <Units>GJ</Units>
    </Attribute>
    <Attribute>
      <UUID>{76732857-2158-4896-8c19-a44aa03cbb2b}</UUID>
      <VersionUUID>{ff1b9095-0c33-4091-be85-8e06f594bfd8}</VersionUUID>
      <Name>Natural Gas Total End Uses</Name>
      <ValueType>Double</ValueType>
      <Value>0</Value>
      <Units>GJ</Units>
    </Attribute>
    <Attribute>
      <UUID>{b96a90e7-de67-4bf7-a317-b9e30a4e4a1f}</UUID>
      <VersionUUID>{596c2ac0-6a0b-4c8e-9deb-5a8874b802cf}</VersionUUID>
      <Name>District Cooling Total End Uses</Name>
      <ValueType>Double</ValueType>
      <Value>11.9</Value>
      <Units>GJ</Units>
    </Attribute>
    <Attribute>
      <UUID>{bee056d8-b64f-4b5b-8d27-3343b0242557}</UUID>
      <VersionUUID>{73d319a8-fd91-4d5b-a2b8-c1f1e57845d7}</VersionUUID>
      <Name>District Heating Total End Uses</Name>
      <ValueType>Double</ValueType>
      <Value>14.3</Value>
      <Units>GJ</Units>
    </Attribute>
    <Attribute>
      <UUID>{224b0d45-7a61-48eb-8a52-b93349590289}</UUID>
      <VersionUUID>{5c155ff8-2f78-4925-95ab-70e244ecbad9}</VersionUUID>
      <Name>EndUses.Electricity.InteriorLights.General</Name>
      <ValueType>Double</ValueType>
      <Value>25.23</Value>
      <Units>GJ</Units>
    </Attribute>
    <Attribute>
      <UUID>{232f946f-d1c1-4475-bcdf-7a73fe790068}</UUID>
      <VersionUUID>{ca3f2912-6fc4-497e-a4a7-cb321be00c62}</VersionUUID>
      <Name>EndUses.Electricity.InteriorEquipment.General</Name>
      <ValueType>Double</ValueType>
      <Value>22.2</Value>
      <Units>GJ</Units>
    </Attribute>
    <Attribute>
      <UUID>{3f8fb0ec-074c-4611-b785-61743e5bc434}</UUID>
      <VersionUUID>{58669d7b-fdc7-44cd-894e-d1d3e74f1bbb}</VersionUUID>
      <Name>EndUses.DistrictCooling.Cooling.General</Name>
      <ValueType>Double</ValueType>
      <Value>11.9</Value>
      <Units>GJ</Units>
    </Attribute>
    <Attribute>
      <UUID>{30b21d1c-43ca-4672-ad49-874059f1e122}</UUID>
      <VersionUUID>{0f9534d4-9129-49aa-9c06-ad4b9263d205}</VersionUUID>
      <Name>EndUses.DistrictHeating.Heating.General</Name>
      <ValueType>Double</ValueType>
      <Value>14.3</Value>
      <Units>GJ</Units>
    </Attribute>
    <Attribute>
      <UUID>{a20d081f-4292-4891-9a96-14c8c323bbef}</UUID>
      <VersionUUID>{9a0cd2d6-220e-464f-8a68-bb55f6575df7}</VersionUUID>
      <Name>First Year Capital Costs</Name>
      <ValueType>Double</ValueType>
      <Value>0</Value>
      <Units>$</Units>
    </Attribute>
    <Attribute>
      <UUID>{bcc5a578-68c4-4848-9de2-05f332764531}</UUID>
      <VersionUUID>{9512866c-af1c-421f-befa-b21a2dec4b03}</VersionUUID>
      <Name>Total Life Cycle Cost</Name>
      <ValueType>Double</ValueType>
      <Value>20318.39</Value>
      <Units>$</Units>
    </Attribute>
    <Attribute>
      <UUID>{3c7967a0-906e-4118-b97b-6aef926c89fc}</UUID>
      <VersionUUID>{e407aa31-f009-49be-ae35-cb4a02a5173c}</VersionUUID>
      <Name>floorArea</Name>
      <DisplayName>Floor Area</DisplayName>
      <ValueType>Double</ValueType>
      <Value>223.581916746562</Value>
      <Units>m^2</Units>
    </Attribute>
    <Attribute>
      <UUID>{a412719d-e157-44d5-9617-6064defc6c4f}</UUID>
      <VersionUUID>{422c6472-c64f-4319-a44c-87383c6bed82}</VersionUUID>
      <Name>conditionedFloorArea</Name>
      <DisplayName>Conditioned Floor Area</DisplayName>
      <ValueType>Double</ValueType>
      <Value>223.581916746562</Value>
      <Units>m^2</Units>
    </Attribute>
    <Attribute>
      <UUID>{9f976d26-8958-490f-ae02-cf98c46d183f}</UUID>
      <VersionUUID>{2529e224-3ee7-4ba2-89ed-606b0cc641f6}</VersionUUID>
      <Name>EndUses</Name>
      <ValueType>AttributeVector</ValueType>
      <Value>
        <Attribute>
          <UUID>{59705609-e1e0-4fe1-b6db-ce5918760c56}</UUID>
          <VersionUUID>{c85fb356-3f67-40c6-a306-1b9e88ee73e4}</VersionUUID>
          <Name>Electricity</Name>
          <ValueType>AttributeVector</ValueType>
          <Value>
            <Attribute>
              <UUID>{066df88b-632a-4942-957c-193000f58e21}</UUID>
              <VersionUUID>{3a4c7826-bf78-4c40-943d-03de31988aa9}</VersionUUID>
              <Name>InteriorLights</Name>
              <ValueType>AttributeVector</ValueType>
              <Value>
                <Attribute>
                  <UUID>{cb66efa2-6219-4162-8f87-f38e6e473f75}</UUID>
                  <VersionUUID>{c925f284-3657-441e-a2e4-1d5a99e60468}</VersionUUID>
                  <Name>General</Name>
                  <ValueType>Double</ValueType>
                  <Value>25.23</Value>
                  <Units>GJ</Units>
                </Attribute>
              </Value>
            </Attribute>
            <Attribute>
              <UUID>{9449d188-6b86-4a94-aa46-f7d8fed460df}</UUID>
              <VersionUUID>{ef6910d4-091d-40eb-90e7-021d02003b7c}</VersionUUID>
              <Name>InteriorEquipment</Name>
              <ValueType>AttributeVector</ValueType>
              <Value>
                <Attribute>
                  <UUID>{633f07e9-4701-4892-852e-de5c327f12ab}</UUID>
                  <VersionUUID>{c536359a-64ae-4070-bc36-7cfb3fd2a6b1}</VersionUUID>
                  <Name>General</Name>
                  <ValueType>Double</ValueType>
                  <Value>22.2</Value>
                  <Units>GJ</Units>
                </Attribute>
              </Value>
            </Attribute>
          </Value>
        </Attribute>
        <Attribute>
          <UUID>{5267b499-0296-49b6-9973-f0870f6d982b}</UUID>
          <VersionUUID>{9ef76256-0e97-478b-bb00-460ebe468dd0}</VersionUUID>
          <Name>DistrictCooling</Name>
          <ValueType>AttributeVector</ValueType>
          <Value>
            <Attribute>
              <UUID>{0a6db99c-4c39-493e-9702-21b3e969eec0}</UUID>
              <VersionUUID>{4012f26b-e09b-41b2-a257-96c5ad64d23b}</VersionUUID>
              <Name>Cooling</Name>
              <ValueType>AttributeVector</ValueType>
              <Value>
                <Attribute>
                  <UUID>{2031a525-c276-461a-939d-c6220ffef5af}</UUID>
                  <VersionUUID>{2bd175cd-7276-43f6-902e-04ee0a1ec939}</VersionUUID>
                  <Name>General</Name>
                  <ValueType>Double</ValueType>
                  <Value>11.9</Value>
                  <Units>GJ</Units>
                </Attribute>
              </Value>
            </Attribute>
          </Value>
        </Attribute>
        <Attribute>
          <UUID>{39823b5e-a98d-4654-95c5-fd920e81a70a}</UUID>
          <VersionUUID>{3b95d950-5035-4712-b397-df66eb76ed63}</VersionUUID>
          <Name>DistrictHeating</Name>
          <ValueType>AttributeVector</ValueType>
          <Value>
            <Attribute>
              <UUID>{6a724826-6939-4207-b83e-ff3b2c965f48}</UUID>
              <VersionUUID>{c2a94eb8-43d7-41c3-b577-7fba9a9e766c}</VersionUUID>
              <Name>Heating</Name>
              <ValueType>AttributeVector</ValueType>
              <Value>
                <Attribute>
                  <UUID>{7fa7c3b7-b75a-48b8-9cec-563f39ea942e}</UUID>
                  <VersionUUID>{d49bd345-cedb-432e-bbd7-d02d8056868e}</VersionUUID>
                  <Name>General</Name>
                  <ValueType>Double</ValueType>
                  <Value>14.3</Value>
                  <Units>GJ</Units>
                </Attribute>
              </Value>
            </Attribute>
          </Value>
        </Attribute>
      </Value>
    </Attribute>
    <Attribute>
      <UUID>{079843f6-ae28-4ccb-a8e5-8528fe5272cf}</UUID>
      <VersionUUID>{82a79034-7516-4ae0-b2cb-4a9989297193}</VersionUUID>
      <Name>CalibrationResult</Name>
      <ValueType>AttributeVector</ValueType>
      <Value>
        <Attribute>
          <UUID>{0520db15-cfd4-4f3a-8b6c-27ff815d579c}</UUID>
          <VersionUUID>{7e357e3c-b5ab-43e3-a7e5-4477c689f80b}</VersionUUID>
          <Name>utilityBills</Name>
          <ValueType>AttributeVector</ValueType>
          <Value/>
        </Attribute>
      </Value>
    </Attribute>
  </Value>
</Attribute>
