{
 "data_point" :  {
  "analysis_uuid" : "a8feca85-dab9-4510-8610-651ef847781d",
  "complete" : false,
  "data_point_type" : "DataPoint",
  "display_name" : "Reduce Lighting Load By 30 percent Only",
  "failed" : false,
  "name" : "Reduce Lighting Load By 30 percent Only",
  "problem_uuid" : "412b1879-f0ee-4919-ab90-6ab642fd39ee",
  "selected" : true,
  "uuid" : "1b961e88-358d-4aeb-b14f-b9509f5b6018",
  "variable_values" : [
   {
    "value" : 0,
    "value_type" : "int",
    "variable_value_index" : 0
   },
   {
    "value" : 0,
    "value_type" : "int",
    "variable_value_index" : 1
   },
   {
    "value" : 1,
    "value_type" : "int",
    "variable_value_index" : 2
   },
   {
    "value" : 0,
    "value_type" : "int",
    "variable_value_index" : 3
   }
  ],
  "version_uuid" : "6fbad736-b7b5-4489-869c-1cd0a3bb2ea4"
 },
 "metadata" :  {
  "display_name" : "Reduce Lighting Load By 30 percent Only",
  "name" : "Reduce Lighting Load By 30 percent Only",
  "openstudio_version" : "1.0.4",
  "project_dir" : "C:/projects/openstudio-server-master/prototype/pat/PATTest",
  "uuid" : "1b961e88-358d-4aeb-b14f-b9509f5b6018",
  "values" : [
   {
    "value" : 0,
    "variable_index" : 0,
    "variable_uuid" : "ae13cbfd-1be2-4185-aff3-8903f977fbd9"
   },
   {
    "value" : 0,
    "variable_index" : 1,
    "variable_uuid" : "05505496-bba2-49fc-9f86-5633ecafe0e5"
   },
   {
    "value" : 1,
    "variable_index" : 2,
    "variable_uuid" : "5ba3c9b4-2f5d-4792-9ef7-569108649aa2"
   },
   {
    "value" : 0,
    "variable_index" : 3,
    "variable_uuid" : "e0fe48c7-d80b-4e5f-83a8-c1e9d69e8ce7"
   }
  ],
  "version_uuid" : "1b961e88-358d-4aeb-b14f-b9509f5b6018"
 }
}