<measure>
  <schema_version>3.0</schema_version>
  <name>xcel_eda_reportingand_qaqc</name>
  <uid>92bee759-86ae-4617-92e2-f8e5aa9dc684</uid>
  <version_id>76c99d64-a74e-4bda-bce1-e2c98a0be8e9</version_id>
  <version_modified>20161121T171159Z</version_modified>
  <xml_checksum>9F9D8C87</xml_checksum>
  <class_name>XcelEDAReportingandQAQC</class_name>
  <display_name>XcelEDAReportingandQAQC</display_name>
  <description>This measure extracts key simulation results and performs basic model QAQC checks necessary for the Xcel EDA Program.</description>
  <modeler_description>Reads the model and sql file to pull out the necessary information and run the model checks.  The check results show up as Warning messages in the measure's output on the PAT run tab.</modeler_description>
  <arguments/>
  <outputs/>
  <provenances/>
  <tags>
    <tag>Reporting.QAQC</tag>
  </tags>
  <attributes>
    <attribute>
      <name>Measure Type</name>
      <value>ReportingMeasure</value>
      <datatype>string</datatype>
    </attribute>
    <attribute>
      <name>Uses SketchUp API</name>
      <value>false</value>
      <datatype>boolean</datatype>
    </attribute>
  </attributes>
  <files>
    <file>
      <version>
        <software_program>OpenStudio</software_program>
        <identifier>1.0.6</identifier>
        <min_compatible>1.8.0</min_compatible>
      </version>
      <filename>measure.rb</filename>
      <filetype>rb</filetype>
      <usage_type>script</usage_type>
      <checksum>78A571C7</checksum>
    </file>
    <file>
      <filename>CreateResults.rb</filename>
      <filetype>rb</filetype>
      <usage_type>resource</usage_type>
      <checksum>65271996</checksum>
    </file>
    <file>
      <filename>0116_OfficeTest121_dev.osm</filename>
      <filetype>osm</filetype>
      <usage_type>test</usage_type>
      <checksum>63E36762</checksum>
    </file>
    <file>
      <filename>report.xml</filename>
      <filetype>xml</filetype>
      <usage_type>test</usage_type>
      <checksum>87365E0C</checksum>
    </file>
    <file>
      <filename>XcelEDAReportingandQAQC_Test.rb</filename>
      <filetype>rb</filetype>
      <usage_type>test</usage_type>
      <checksum>2B3F8653</checksum>
    </file>
    <file>
      <filename>EndUseBreakdown.rb</filename>
      <filetype>rb</filetype>
      <usage_type>resource</usage_type>
      <checksum>D9316A58</checksum>
    </file>
    <file>
      <filename>EUI.rb</filename>
      <filetype>rb</filetype>
      <usage_type>resource</usage_type>
      <checksum>738BFA1A</checksum>
    </file>
    <file>
      <filename>FuelSwap.rb</filename>
      <filetype>rb</filetype>
      <usage_type>resource</usage_type>
      <checksum>763666C3</checksum>
    </file>
    <file>
      <filename>PeakHeatCoolMonth.rb</filename>
      <filetype>rb</filetype>
      <usage_type>resource</usage_type>
      <checksum>EF31513F</checksum>
    </file>
    <file>
      <filename>UnmetHrs.rb</filename>
      <filetype>rb</filetype>
      <usage_type>resource</usage_type>
      <checksum>05F6672F</checksum>
    </file>
  </files>
</measure>
