<?xml version="1.0" encoding="UTF-8"?>
<measure xmlns:xsi="http://www.w3.org/2001/XMLSchema-instance" xsi:noNamespaceSchemaLocation="http://bcl.nrel.gov/xsd/measures/version/1.0.xsd"><name>Adjust Thermostat Setpoints by Degrees</name><uid>6e1f34f9-92e1-44ea-9279-de0b9b64f6a1</uid><version_id>5a06240e-cf1a-4ff8-a871-f13372fa5f91</version_id><description>This measure adjusts heating and cooling setpoints by a user specified number of degrees. This is applied throughout the entire building.</description><modeler_description>This measure will clone all of the schedules that are used as heating and cooling setpoints for thermal zones. The clones are hooked up to the thermostat in place of the original schedules. Then the schedules are adjusted by the specified values. There is a checkbox to determine if the thermostat for design days should be altered.</modeler_description><tags><tag>HVAC.HVAC Controls</tag></tags><attributes><attribute><name>Measure Type</name><value>ModelMeasure</value><datatype>string</datatype></attribute><attribute><name>Measure Function</name><value>Measure</value><datatype>string</datatype></attribute><attribute><name>Requires EnergyPlus Results</name><value>false</value><datatype>boolean</datatype></attribute><attribute><name>Uses SketchUp API</name><value>false</value><datatype>boolean</datatype></attribute></attributes><files><file><filename>seed_model.osm</filename><filetype>osm</filetype><usage_type>test</usage_type><checksum>F4270953</checksum></file><file><filename>ThermostatTestModel.osm</filename><filetype>osm</filetype><usage_type>test</usage_type><checksum>2FF71CC2</checksum></file><file><version><software_program>OpenStudio</software_program><identifier>0.10.2</identifier></version><filename>measure.rb</filename><filetype>rb</filetype><usage_type>script</usage_type><checksum>E0AC8165</checksum></file><file><filename>AdjustThermostatSetpointsByDegrees_Test.rb</filename><filetype>rb</filetype><usage_type>test</usage_type><checksum>2D2966FC</checksum></file></files></measure>