<?xml version="1.0"?>
<measure>
  <schema_version>3.0</schema_version>
  <name>urban_opt_report</name>
  <uid>744899a6-9da8-4888-870b-40bca78f505b</uid>
  <version_id>aa87fa65-ce1a-4717-8791-56471a32563c</version_id>
  <version_modified>20200723T210551Z</version_modified>
  <xml_checksum>9BF1E6AC</xml_checksum>
  <class_name>UrbanOptReport</class_name>
  <display_name>UrbanOptReport</display_name>
  <description>UrbanOptReport</description>
  <modeler_description>UrbanOptReport</modeler_description>
  <arguments>
    <argument>
      <name>scenario_name</name>
      <display_name>scenario_name</display_name>
      <type>String</type>
      <required>false</required>
      <model_dependent>false</model_dependent>
      <default_value>highefficiency_scenario</default_value>
    </argument>
    <argument>
      <name>feature_id</name>
      <display_name>Feature unique identifier</display_name>
      <type>Integer</type>
      <required>false</required>
      <model_dependent>false</model_dependent>
      <default_value>1</default_value>
    </argument>
    <argument>
      <name>output_name</name>
      <display_name>output_name</display_name>
      <type>Choice</type>
      <required>true</required>
      <model_dependent>false</model_dependent>
      <default_value>total_site_energy</default_value>
      <choices>
        <choice>
          <value>total_site_energy</value>
          <display_name>total_site_energy</display_name>
        </choice>
        <choice>
          <value>total_source_energy</value>
          <display_name>total_source_energy</display_name>
        </choice>
        <choice>
          <value>net_site_energy</value>
          <display_name>net_site_energy</display_name>
        </choice>
        <choice>
          <value>net_source_energy</value>
          <display_name>net_source_energy</display_name>
        </choice>
        <choice>
          <value>electricity</value>
          <display_name>electricity</display_name>
        </choice>
        <choice>
          <value>natural_gas</value>
          <display_name>natural_gas</display_name>
        </choice>
        <choice>
          <value>additional_fuel</value>
          <display_name>additional_fuel</display_name>
        </choice>
        <choice>
          <value>district_cooling</value>
          <display_name>district_cooling</display_name>
        </choice>
        <choice>
          <value>district_heating</value>
          <display_name>district_heating</display_name>
        </choice>
        <choice>
          <value>water</value>
          <display_name>water</display_name>
        </choice>
        <choice>
          <value>electricity_produced</value>
          <display_name>electricity_produced</display_name>
        </choice>
      </choices>
    </argument>
  </arguments>
  <outputs>
    <output>
      <name>output</name>
      <display_name>output</display_name>
      <short_name>output</short_name>
      <type>Double</type>
      <model_dependent>false</model_dependent>
    </output>
  </outputs>
  <provenances />
  <tags>
    <tag>Reporting.QAQC</tag>
  </tags>
  <attributes>
    <attribute>
      <name>Measure Type</name>
      <value>ReportingMeasure</value>
      <datatype>string</datatype>
    </attribute>
    <attribute>
      <name>Intended Software Tool</name>
      <value>OpenStudio Application</value>
      <datatype>string</datatype>
    </attribute>
    <attribute>
      <name>Intended Software Tool</name>
      <value>Parametric Analysis Tool</value>
      <datatype>string</datatype>
    </attribute>
  </attributes>
  <files>
    <file>
      <version>
        <software_program>OpenStudio</software_program>
        <identifier>3.0.0</identifier>
        <min_compatible>3.0.0</min_compatible>
      </version>
      <filename>measure.rb</filename>
      <filetype>rb</filetype>
      <usage_type>script</usage_type>
      <checksum>16D2BDCB</checksum>
    </file>
  </files>
</measure>
