<measure>
  <name>Xcel EDA Tariff Selection and Model Setup</name>
  <uid>c5ab60e9-b8e5-4653-a502-5ed030f1335d</uid>
  <version_id>099b54de-509d-4b59-9478-c1a3d867a3ca</version_id>
  <description>Add the selected Xcel utility rate, as well as set the timestep and lifecycle costing parameters as required by the Xcel EDA program.</description>
  <modeler_description>Adds the .idf text for the selected Xcel Energy tariffs, sets the timestep to 15min so that the demand window and the timestep align, and sets the lifecycle costing parameters to use NIST 2012 inflation and fuel escalation numbers.  These NIST numbers will not affect the Xcel EDA results.</modeler_description>
  <provenances/>
  <tags>
    <tag>Economics.Life Cycle Cost Analysis</tag>
  </tags>
  <attributes>
    <attribute>
      <name>Measure Type</name>
      <value>EnergyPlusMeasure</value>
      <datatype>string</datatype>
    </attribute>
    <attribute>
      <name>Measure Function</name>
      <value>Measure</value>
      <datatype>string</datatype>
    </attribute>
    <attribute>
      <name>Requires EnergyPlus Results</name>
      <value>false</value>
      <datatype>boolean</datatype>
    </attribute>
    <attribute>
      <name>Uses SketchUp API</name>
      <value>false</value>
      <datatype>boolean</datatype>
    </attribute>
  </attributes>
  <files>
    <file>
      <filename>Interruptible Industrial G.idf</filename>
      <filetype>idf</filetype>
      <usage_type>resource</usage_type>
      <checksum>08200009</checksum>
    </file>
    <file>
      <filename>Commercial.idf</filename>
      <filetype>idf</filetype>
      <usage_type>resource</usage_type>
      <checksum>81C294F3</checksum>
    </file>
    <file>
      <filename>Non-Xcel Commercial.idf</filename>
      <filetype>idf</filetype>
      <usage_type>resource</usage_type>
      <checksum>05C822D1</checksum>
    </file>
    <file>
      <filename>Non-Xcel Primary General.idf</filename>
      <filetype>idf</filetype>
      <usage_type>resource</usage_type>
      <checksum>C7EC0D02</checksum>
    </file>
    <file>
      <filename>Non-Xcel Secondary General Low Load Factor.idf</filename>
      <filetype>idf</filetype>
      <usage_type>resource</usage_type>
      <checksum>BAF4BC43</checksum>
    </file>
    <file>
      <filename>Non-Xcel Secondary General.idf</filename>
      <filetype>idf</filetype>
      <usage_type>resource</usage_type>
      <checksum>607DD17C</checksum>
    </file>
    <file>
      <filename>Non-Xcel Transmission General.idf</filename>
      <filetype>idf</filetype>
      <usage_type>resource</usage_type>
      <checksum>5C841F61</checksum>
    </file>
    <file>
      <filename>Primary General.idf</filename>
      <filetype>idf</filetype>
      <usage_type>resource</usage_type>
      <checksum>EB0AFBEB</checksum>
    </file>
    <file>
      <filename>Residential General.idf</filename>
      <filetype>idf</filetype>
      <usage_type>resource</usage_type>
      <checksum>E1B6E36E</checksum>
    </file>
    <file>
      <filename>Secondary General Low Load Factor.idf</filename>
      <filetype>idf</filetype>
      <usage_type>resource</usage_type>
      <checksum>9E85463A</checksum>
    </file>
    <file>
      <filename>Secondary General.idf</filename>
      <filetype>idf</filetype>
      <usage_type>resource</usage_type>
      <checksum>84FB5327</checksum>
    </file>
    <file>
      <filename>Transmission General.idf</filename>
      <filetype>idf</filetype>
      <usage_type>resource</usage_type>
      <checksum>49B18A54</checksum>
    </file>
    <file>
      <filename>Large CG.idf</filename>
      <filetype>idf</filetype>
      <usage_type>resource</usage_type>
      <checksum>2E3F9B2A</checksum>
    </file>
    <file>
      <filename>Residential Gas.idf</filename>
      <filetype>idf</filetype>
      <usage_type>resource</usage_type>
      <checksum>55A5F595</checksum>
    </file>
    <file>
      <filename>Small CG.idf</filename>
      <filetype>idf</filetype>
      <usage_type>resource</usage_type>
      <checksum>AE5A5DB4</checksum>
    </file>
    <file>
      <filename>Secondary Photovoltaic Time-of-Use.idf</filename>
      <filetype>idf</filetype>
      <usage_type>resource</usage_type>
      <checksum>A3542ECC</checksum>
    </file>
    <file>
      <version>
        <software_program>OpenStudio</software_program>
        <identifier>0.11.3</identifier>
      </version>
      <filename>measure.rb</filename>
      <filetype>rb</filetype>
      <usage_type>script</usage_type>
      <checksum>5BFA9CBB</checksum>
    </file>
    <file>
      <filename>Non-Xcel Gas Firm.idf</filename>
      <filetype>idf</filetype>
      <usage_type>resource</usage_type>
      <checksum>59FA2FFE</checksum>
    </file>
    <file>
      <filename>Non-Xcel Gas Interruptible.idf</filename>
      <filetype>idf</filetype>
      <usage_type>resource</usage_type>
      <checksum>868FEA8D</checksum>
    </file>
    <file>
      <filename>XcelEDATariffSelectionandModelSetup_Test.rb</filename>
      <filetype>rb</filetype>
      <usage_type>test</usage_type>
      <checksum>6442F50F</checksum>
    </file>
  </files>
</measure>
