<Attribute>
  <UUID>{1723033c-aedc-4bab-ac9a-66090399172a}</UUID>
  <VersionUUID>{97f61a0a-959d-4c24-8c8a-0b159d00bd22}</VersionUUID>
  <Name>Report</Name>
  <ValueType>AttributeVector</ValueType>
  <Value>
    <Attribute>
      <UUID>{b5a2d671-6eb7-4041-81e7-a80242cf7b68}</UUID>
      <VersionUUID>{2bf7c805-0b9c-406f-b9cc-041d6ea54971}</VersionUUID>
      <Name>Total Site Energy</Name>
      <ValueType>Double</ValueType>
      <Value>73</Value>
      <Units>GJ</Units>
    </Attribute>
    <Attribute>
      <UUID>{4e906eac-6d36-42b3-b1a2-3b6d4d96bf78}</UUID>
      <VersionUUID>{ec43ef04-87df-4152-932b-7bcfd953443b}</VersionUUID>
      <Name>Net Site Energy</Name>
      <ValueType>Double</ValueType>
      <Value>73</Value>
      <Units>GJ</Units>
    </Attribute>
    <Attribute>
      <UUID>{d2cf4352-3ba4-4bf7-9c5d-6ff77f781dd0}</UUID>
      <VersionUUID>{32b75b8d-6c5e-479f-b7e9-efd4c840ff59}</VersionUUID>
      <Name>Total Source Energy</Name>
      <ValueType>Double</ValueType>
      <Value>220.68</Value>
      <Units>GJ</Units>
    </Attribute>
    <Attribute>
      <UUID>{4b5645bb-ddd5-46e9-83b2-5987a77844c3}</UUID>
      <VersionUUID>{f6ffe548-a147-44a0-9281-e985068f55d5}</VersionUUID>
      <Name>Net Source Energy</Name>
      <ValueType>Double</ValueType>
      <Value>220.68</Value>
      <Units>GJ</Units>
    </Attribute>
    <Attribute>
      <UUID>{0f6900ab-41b0-4269-9084-1b863d54731d}</UUID>
      <VersionUUID>{c091fc46-228e-4ad8-8240-ceafa5a5207b}</VersionUUID>
      <Name>Annual Total Utility Cost</Name>
      <ValueType>Double</ValueType>
      <Value>1166.84</Value>
      <Units>$</Units>
    </Attribute>
    <Attribute>
      <UUID>{775516e2-8f46-47c3-8f41-6f73f4d1b473}</UUID>
      <VersionUUID>{2a8df882-4b01-4fca-8de9-ac34f702d683}</VersionUUID>
      <Name>Annual Electric Total Cost</Name>
      <ValueType>Double</ValueType>
      <Value>1166.84</Value>
      <Units>$</Units>
    </Attribute>
    <Attribute>
      <UUID>{276b833f-c437-4d67-b16f-ec5b093fcc89}</UUID>
      <VersionUUID>{30d215c0-5541-4d02-b458-e8dc8007a397}</VersionUUID>
      <Name>Annual Gas Total Cost</Name>
      <ValueType>Double</ValueType>
      <Value>0</Value>
      <Units>$</Units>
    </Attribute>
    <Attribute>
      <UUID>{dd434f2b-a821-4faa-bc24-59c4ca854e2f}</UUID>
      <VersionUUID>{386e603b-6a5d-47ff-bffa-6e895be89f0c}</VersionUUID>
      <Name>Net Site Energy Use Intentsity</Name>
      <ValueType>Double</ValueType>
      <Value>326.52</Value>
      <Units>MJ/m^2</Units>
    </Attribute>
    <Attribute>
      <UUID>{67484584-2422-43d6-bb99-4c2aede66d5a}</UUID>
      <VersionUUID>{b5997905-c80c-4c79-a3ea-1ccfea2a3ac4}</VersionUUID>
      <Name>Instantaneous Peak Electricity Demand</Name>
      <ValueType>Double</ValueType>
      <Value>3118.98</Value>
      <Units>kW</Units>
    </Attribute>
    <Attribute>
      <UUID>{e20ce328-c872-4fef-badc-3615aa5eac32}</UUID>
      <VersionUUID>{2a50c284-076a-4c5b-a963-c92eb9b9beb1}</VersionUUID>
      <Name>Electricity Total End Uses</Name>
      <ValueType>Double</ValueType>
      <Value>47.42</Value>
      <Units>GJ</Units>
    </Attribute>
    <Attribute>
      <UUID>{dd6037fb-536f-4f65-b65e-f1179a2d886f}</UUID>
      <VersionUUID>{4c1320db-c9b7-4872-9471-7b763cf52877}</VersionUUID>
      <Name>Natural Gas Total End Uses</Name>
      <ValueType>Double</ValueType>
      <Value>0</Value>
      <Units>GJ</Units>
    </Attribute>
    <Attribute>
      <UUID>{fc7170b1-e802-486d-a683-d44a4a0e93bb}</UUID>
      <VersionUUID>{435ab5d9-071e-4778-94e8-33efdfe231e6}</VersionUUID>
      <Name>District Cooling Total End Uses</Name>
      <ValueType>Double</ValueType>
      <Value>8.58</Value>
      <Units>GJ</Units>
    </Attribute>
    <Attribute>
      <UUID>{f95e67d1-32e1-46f0-80c4-8a890a2fa7ea}</UUID>
      <VersionUUID>{5f8ebbde-2217-42cd-9db7-f6c579c08c44}</VersionUUID>
      <Name>District Heating Total End Uses</Name>
      <ValueType>Double</ValueType>
      <Value>17</Value>
      <Units>GJ</Units>
    </Attribute>
    <Attribute>
      <UUID>{4552df4c-c57c-4410-899e-4d525c749cf9}</UUID>
      <VersionUUID>{2e595651-8adb-47fa-ae1d-27d8b07d9fc1}</VersionUUID>
      <Name>EndUses.Electricity.InteriorLights.General</Name>
      <ValueType>Double</ValueType>
      <Value>25.23</Value>
      <Units>GJ</Units>
    </Attribute>
    <Attribute>
      <UUID>{cb7d3312-dbc8-434b-9c84-d7d6d73bcbd6}</UUID>
      <VersionUUID>{71f75525-8016-4fa7-ab4a-ebb442a7c31a}</VersionUUID>
      <Name>EndUses.Electricity.InteriorEquipment.General</Name>
      <ValueType>Double</ValueType>
      <Value>22.2</Value>
      <Units>GJ</Units>
    </Attribute>
    <Attribute>
      <UUID>{f8a162b5-c102-40b4-9219-ff3b99e08c48}</UUID>
      <VersionUUID>{26824613-9be0-452a-a6e8-7b3581271762}</VersionUUID>
      <Name>EndUses.DistrictCooling.Cooling.General</Name>
      <ValueType>Double</ValueType>
      <Value>8.58</Value>
      <Units>GJ</Units>
    </Attribute>
    <Attribute>
      <UUID>{5a128c6f-cc50-42e5-817a-379066bbd459}</UUID>
      <VersionUUID>{62392cac-3bc5-48bd-8e0e-4e10dcefa918}</VersionUUID>
      <Name>EndUses.DistrictHeating.Heating.General</Name>
      <ValueType>Double</ValueType>
      <Value>17</Value>
      <Units>GJ</Units>
    </Attribute>
    <Attribute>
      <UUID>{20b35c3c-8bc2-4678-9f8a-a96ad3433889}</UUID>
      <VersionUUID>{4ecf114e-6768-49e8-af1f-6d8d1fcb20a6}</VersionUUID>
      <Name>First Year Capital Costs</Name>
      <ValueType>Double</ValueType>
      <Value>0</Value>
      <Units>$</Units>
    </Attribute>
    <Attribute>
      <UUID>{77168889-fd4e-43ca-81d7-0d16ac8ce6d6}</UUID>
      <VersionUUID>{ddc172e7-4ee5-4643-b744-969f334ad1ed}</VersionUUID>
      <Name>Total Life Cycle Cost</Name>
      <ValueType>Double</ValueType>
      <Value>20318.39</Value>
      <Units>$</Units>
    </Attribute>
    <Attribute>
      <UUID>{f1db7b03-b13b-448e-ab73-b73535ca56de}</UUID>
      <VersionUUID>{c76c2014-abe2-46b9-bb14-a53af722990d}</VersionUUID>
      <Name>floorArea</Name>
      <DisplayName>Floor Area</DisplayName>
      <ValueType>Double</ValueType>
      <Value>223.581916746562</Value>
      <Units>m^2</Units>
    </Attribute>
    <Attribute>
      <UUID>{5acec244-8cca-4e6f-b62f-b49b8c3409a5}</UUID>
      <VersionUUID>{6ea14a77-6ba3-4423-bb00-da9f794555d7}</VersionUUID>
      <Name>conditionedFloorArea</Name>
      <DisplayName>Conditioned Floor Area</DisplayName>
      <ValueType>Double</ValueType>
      <Value>223.581916746562</Value>
      <Units>m^2</Units>
    </Attribute>
    <Attribute>
      <UUID>{439caa26-f7a4-41a2-a6b4-3f1aca23ee6a}</UUID>
      <VersionUUID>{eb6ace98-214e-49c5-8869-2cfcc7702b71}</VersionUUID>
      <Name>EndUses</Name>
      <ValueType>AttributeVector</ValueType>
      <Value>
        <Attribute>
          <UUID>{871c885b-3481-4811-9b17-d3ad2f02e223}</UUID>
          <VersionUUID>{6e178044-1a7d-46c6-8e67-1de7bb6eedf7}</VersionUUID>
          <Name>Electricity</Name>
          <ValueType>AttributeVector</ValueType>
          <Value>
            <Attribute>
              <UUID>{78cd4155-e6f8-4782-8fa6-931ec612abb8}</UUID>
              <VersionUUID>{4c31f5e5-6aa3-4869-aed6-f7a04a795bbf}</VersionUUID>
              <Name>InteriorLights</Name>
              <ValueType>AttributeVector</ValueType>
              <Value>
                <Attribute>
                  <UUID>{89894ba8-e299-4ba9-b2dc-ef222a37d942}</UUID>
                  <VersionUUID>{a7f5f041-c8be-4037-a396-0d1609714195}</VersionUUID>
                  <Name>General</Name>
                  <ValueType>Double</ValueType>
                  <Value>25.23</Value>
                  <Units>GJ</Units>
                </Attribute>
              </Value>
            </Attribute>
            <Attribute>
              <UUID>{011baa3c-cac6-49d9-9c76-2cb28f31bc7f}</UUID>
              <VersionUUID>{c14cc114-1d63-4917-b881-d351fa96e90c}</VersionUUID>
              <Name>InteriorEquipment</Name>
              <ValueType>AttributeVector</ValueType>
              <Value>
                <Attribute>
                  <UUID>{eb3166bc-defc-41bb-a050-f9ba43a9e4e9}</UUID>
                  <VersionUUID>{04bf05a6-9a4d-491d-a9d5-c2636ca713cf}</VersionUUID>
                  <Name>General</Name>
                  <ValueType>Double</ValueType>
                  <Value>22.2</Value>
                  <Units>GJ</Units>
                </Attribute>
              </Value>
            </Attribute>
          </Value>
        </Attribute>
        <Attribute>
          <UUID>{cd7af663-8613-424f-aa6f-dba153ee9744}</UUID>
          <VersionUUID>{96d19b19-7773-458c-8b70-0ca798148cb3}</VersionUUID>
          <Name>DistrictCooling</Name>
          <ValueType>AttributeVector</ValueType>
          <Value>
            <Attribute>
              <UUID>{d56c3e64-6737-4343-8420-ff5dfb43c8a3}</UUID>
              <VersionUUID>{f1315670-08d2-48e9-8f77-797c8340321a}</VersionUUID>
              <Name>Cooling</Name>
              <ValueType>AttributeVector</ValueType>
              <Value>
                <Attribute>
                  <UUID>{a1f20df0-77a9-4bc3-9350-09d5c1ebb2cb}</UUID>
                  <VersionUUID>{927b7b68-6085-455b-80fd-07163b12c358}</VersionUUID>
                  <Name>General</Name>
                  <ValueType>Double</ValueType>
                  <Value>8.58</Value>
                  <Units>GJ</Units>
                </Attribute>
              </Value>
            </Attribute>
          </Value>
        </Attribute>
        <Attribute>
          <UUID>{c78597bb-bd36-4c38-8452-3900eb23805f}</UUID>
          <VersionUUID>{100c0284-a489-42cd-a6d2-c868490f8bf1}</VersionUUID>
          <Name>DistrictHeating</Name>
          <ValueType>AttributeVector</ValueType>
          <Value>
            <Attribute>
              <UUID>{b97669ca-4588-416a-82bb-9149290257cd}</UUID>
              <VersionUUID>{35dc5a2f-03ec-4b58-b282-b91799ec3345}</VersionUUID>
              <Name>Heating</Name>
              <ValueType>AttributeVector</ValueType>
              <Value>
                <Attribute>
                  <UUID>{4554bd03-5b53-4bf2-9d5d-14853edb5a6c}</UUID>
                  <VersionUUID>{81242d7e-d48c-43fe-bebb-6a78f95276e1}</VersionUUID>
                  <Name>General</Name>
                  <ValueType>Double</ValueType>
                  <Value>17</Value>
                  <Units>GJ</Units>
                </Attribute>
              </Value>
            </Attribute>
          </Value>
        </Attribute>
      </Value>
    </Attribute>
    <Attribute>
      <UUID>{9f361db5-ff87-4932-8f40-b57c807723d5}</UUID>
      <VersionUUID>{0e5a66fd-fb5e-45c2-bf62-3dd52b27e80d}</VersionUUID>
      <Name>CalibrationResult</Name>
      <ValueType>AttributeVector</ValueType>
      <Value>
        <Attribute>
          <UUID>{6d9428fe-6238-4e47-8318-fcdcc1d3bd55}</UUID>
          <VersionUUID>{ef37dfe9-9666-4143-8998-c89c440a36fb}</VersionUUID>
          <Name>utilityBills</Name>
          <ValueType>AttributeVector</ValueType>
          <Value/>
        </Attribute>
      </Value>
    </Attribute>
  </Value>
</Attribute>
