<?xml version="1.0" encoding="UTF-8"?>
<measure xmlns:xsi="http://www.w3.org/2001/XMLSchema-instance" xsi:noNamespaceSchemaLocation="http://bcl.nrel.gov/xsd/measures/version/1.0.xsd"><name>Enable Economizer Control</name><uid>f8cc920d-8ae3-411a-922f-e6fed3223c4d</uid><version_id>3ef0abb5-6fc9-4ab6-88ba-78f933f09977</version_id><description>There is currently not a functioning air side economizer enabled in the building. Air side economizers use cold outside air to either assist the mechanical cooling system, or if the air is cold enough, provide all of the cooling for a facility.&#13;&#13;&#13;&#13;&#13;&#13;&#13;&#13;&#13;&#13;
&#13;&#13;&#13;&#13;&#13;&#13;&#13;&#13;&#13;&#13;
In order for an air side economizer to function properly, all of the outside air damper actuators need to have modulating capabilities. In addition to that, new control sequences need to be written into the building automation control system to enable the air-side economizer when outside air temperatures are below 60?F-65?F and the interior space temperatures are calling for cooling.&#13;&#13;&#13;&#13;&#13;&#13;&#13;&#13;&#13;&#13;
&#13;&#13;&#13;&#13;&#13;&#13;&#13;&#13;&#13;&#13;
The building would realize the following operational benefits by utilizing an air-side economizer:&#13;&#13;&#13;&#13;&#13;&#13;&#13;&#13;&#13;&#13;
    -Reduction in cooling system energy use&#13;&#13;&#13;&#13;&#13;&#13;&#13;&#13;&#13;&#13;
    -Reduction in mechanical cooling system run time&#13;&#13;&#13;&#13;&#13;&#13;&#13;&#13;&#13;&#13;
    -Possible improvement in indoor air quality&#13;&#13;&#13;&#13;&#13;&#13;&#13;&#13;&#13;&#13;
  </description><modeler_description>This measure will enable economizer control for one or all of the air loops in the building. The choice list will have the following choices: No Economizer, Fixed Dry Bulb, Fixed Enthalpy, Differential Dry Bulb, Differential Enthalpy, Fixed Dew Point and Dry Bulb, Differential Dew Point and Dry Bulb, and Electronic Enthalpy. The default choice for each system will be the initial system condition. The measure will also have optional user argument fields for Economizer Maximum Limit Dry-Bulb Temperature, Economizer Maximum Limit Enthalpy, Economizer Maximum Limit Dewpoint Temperature, Economizer Minimum Limit Dry-Bulb Temperature. These user arguments get applied to every system in the project.&#13;&#13;&#13;&#13;&#13;&#13;&#13;&#13;&#13;&#13;
&#13;&#13;&#13;&#13;&#13;&#13;&#13;&#13;&#13;&#13;
If the HVAC system does not have an OS:AirLoopHVAC:OutdoorAirSystem, then the runner sends an info message to the user that the model was not changed.&#13;&#13;&#13;&#13;&#13;&#13;&#13;&#13;&#13;&#13;
&#13;&#13;&#13;&#13;&#13;&#13;&#13;&#13;&#13;&#13;
The cost arguments are user arguments that start with a default of $0.&#13;&#13;&#13;&#13;&#13;&#13;&#13;&#13;&#13;&#13;
  </modeler_description><tags><tag>HVAC.Ventilation</tag></tags><attributes><attribute><name>Measure Type</name><value>ModelMeasure</value><datatype>string</datatype></attribute><attribute><name>Uses SketchUp API</name><value>false</value><datatype>boolean</datatype></attribute></attributes><files><file><filename>0320_ModelWithHVAC_01.osm</filename><filetype>osm</filetype><usage_type>test</usage_type><checksum>C12703F3</checksum></file><file><filename>EnableEconomizerControl_Test.rb</filename><filetype>rb</filetype><usage_type>test</usage_type><checksum>004399E6</checksum></file><file><version><software_program>OpenStudio</software_program><identifier>0.10.2</identifier></version><filename>measure.rb</filename><filetype>rb</filetype><usage_type>script</usage_type><checksum>F8FB2FA1</checksum></file></files></measure>