{
  "classname": "ReduceSpaceInfiltrationByPercentage",
  "name": "reduce_space_infiltration_by_percentage",
  "display_name": "Reduce Space Infiltration by Percentage",
  "measure_type": "RubyMeasure",
  "arguments": [
    {
      "name": "space_type",
      "display_name": "Apply the Measure to a Specific Space Type or to the Entire Model",
      "variable_type": "Choice",
      "local_variable": "space_type",
      "units": null,
      "default_value": "*Entire Building*",
      "choices": [
        "*Entire Building*"
      ]
    },
    {
      "name": "space_infiltration_reduction_percent",
      "display_name": "Space Infiltration Power Reduction",
      "variable_type": "Double",
      "local_variable": "space_infiltration_reduction_percent",
      "units": "%",
      "default_value": 30.0
    },
    {
      "name": "material_and_installation_cost",
      "display_name": "Increase in Material and Installation Costs for Building per Affected Floor Area",
      "variable_type": "Double",
      "local_variable": "material_and_installation_cost",
      "units": "$/ft^2",
      "default_value": 0.0
    },
    {
      "name": "om_cost",
      "display_name": "O & M Costs for Construction per Affected Floor Area",
      "variable_type": "Double",
      "local_variable": "om_cost",
      "units": "$/ft^2",
      "default_value": 0.0
    },
    {
      "name": "om_frequency",
      "display_name": "O & M Frequency",
      "variable_type": "Integer",
      "local_variable": "om_frequency",
      "units": "whole years",
      "default_value": 1
    }
  ],
  "name_xml": "ReduceSpaceInfiltrationByPercentage",
  "uid": "d8161857-8b77-4e1a-a76c-ae5deab7c1e0",
  "version_id": "37681b68-3cc3-4799-bf51-ae603fd9b66e",
  "tags": [
    "Envelope.Infiltration"
  ],
  "modeler_description_xml": "This can be run across a space type or the entire building. Costs will be associated with the building. If infiltration objects are removed at a later date, the costs will remain.",
  "description_xml": "This measure will reduce space infiltration rates by the requested percentage. A cost per square foot of building area can be added to the model."
}