<Attribute>
  <UUID>{1a58b3b4-c05f-4912-a984-b3d73b83e34e}</UUID>
  <VersionUUID>{57305274-b616-477c-a5b1-34d315173bc0}</VersionUUID>
  <Name>Report</Name>
  <ValueType>AttributeVector</ValueType>
  <Value>
    <Attribute>
      <UUID>{6e190fbd-9909-46db-852e-9b7f1cb5dda9}</UUID>
      <VersionUUID>{d9ff93a0-4840-4c8c-9345-b01c4a107214}</VersionUUID>
      <Name>Total Site Energy</Name>
      <ValueType>Double</ValueType>
      <Value>73.84</Value>
      <Units>GJ</Units>
    </Attribute>
    <Attribute>
      <UUID>{c1692765-8ed4-4d75-a8f7-694e55f40437}</UUID>
      <VersionUUID>{681ce2ca-7a60-4672-93f6-7865f93130e1}</VersionUUID>
      <Name>Net Site Energy</Name>
      <ValueType>Double</ValueType>
      <Value>73.84</Value>
      <Units>GJ</Units>
    </Attribute>
    <Attribute>
      <UUID>{a64f96f8-9e99-4c21-aab4-84eac7ac9525}</UUID>
      <VersionUUID>{590b54d8-739b-4c10-88b4-d734ec4db12c}</VersionUUID>
      <Name>Total Source Energy</Name>
      <ValueType>Double</ValueType>
      <Value>216.7</Value>
      <Units>GJ</Units>
    </Attribute>
    <Attribute>
      <UUID>{ac47a5ae-87fc-4a96-b9e5-3c44eb1ad987}</UUID>
      <VersionUUID>{dca48949-dd76-416a-839e-d1ffafc35502}</VersionUUID>
      <Name>Net Source Energy</Name>
      <ValueType>Double</ValueType>
      <Value>216.7</Value>
      <Units>GJ</Units>
    </Attribute>
    <Attribute>
      <UUID>{8136088d-cd1f-439f-b7fc-286746c560f5}</UUID>
      <VersionUUID>{bfa936c2-cd18-4a93-b7ea-4b764b33f8de}</VersionUUID>
      <Name>Annual Total Utility Cost</Name>
      <ValueType>Double</ValueType>
      <Value>1166.84</Value>
      <Units>$</Units>
    </Attribute>
    <Attribute>
      <UUID>{d807f49c-c9ae-48ec-b7a6-fb4338510863}</UUID>
      <VersionUUID>{902814f6-94e7-463f-a88f-8aaca957a3d9}</VersionUUID>
      <Name>Annual Electric Total Cost</Name>
      <ValueType>Double</ValueType>
      <Value>1166.84</Value>
      <Units>$</Units>
    </Attribute>
    <Attribute>
      <UUID>{283de38b-ea55-4906-a932-1475098c3b10}</UUID>
      <VersionUUID>{5cd98c12-1078-4db8-a282-add97e60c0ef}</VersionUUID>
      <Name>Annual Gas Total Cost</Name>
      <ValueType>Double</ValueType>
      <Value>0</Value>
      <Units>$</Units>
    </Attribute>
    <Attribute>
      <UUID>{2e9d9725-a8c5-4df7-8a77-126b71a3a4ff}</UUID>
      <VersionUUID>{fac9e7b5-ea39-41d4-9a95-9623c4b3143b}</VersionUUID>
      <Name>Net Site Energy Use Intentsity</Name>
      <ValueType>Double</ValueType>
      <Value>330.24</Value>
      <Units>MJ/m^2</Units>
    </Attribute>
    <Attribute>
      <UUID>{9efecb24-2ef9-4909-b463-ff115a1cf865}</UUID>
      <VersionUUID>{73a55d07-d804-4db6-817f-b52b41654707}</VersionUUID>
      <Name>Instantaneous Peak Electricity Demand</Name>
      <ValueType>Double</ValueType>
      <Value>3118.98</Value>
      <Units>kW</Units>
    </Attribute>
    <Attribute>
      <UUID>{1d5880da-09ba-4bd3-b642-2613b4332e80}</UUID>
      <VersionUUID>{8efb81cb-9b64-4d24-886b-b894b492e5e6}</VersionUUID>
      <Name>Electricity Total End Uses</Name>
      <ValueType>Double</ValueType>
      <Value>47.42</Value>
      <Units>GJ</Units>
    </Attribute>
    <Attribute>
      <UUID>{57208ca3-dfc2-4e8d-949a-9e479bf4f15a}</UUID>
      <VersionUUID>{e82ef9e4-3f21-4c35-b3e0-5cad4e01aaf7}</VersionUUID>
      <Name>Natural Gas Total End Uses</Name>
      <ValueType>Double</ValueType>
      <Value>0</Value>
      <Units>GJ</Units>
    </Attribute>
    <Attribute>
      <UUID>{778ddda5-9c27-4c44-9575-cf03d3c88a07}</UUID>
      <VersionUUID>{12347ee6-66c3-4ae6-b1d9-4fce1ac96e6b}</VersionUUID>
      <Name>District Cooling Total End Uses</Name>
      <ValueType>Double</ValueType>
      <Value>11.31</Value>
      <Units>GJ</Units>
    </Attribute>
    <Attribute>
      <UUID>{35528dd0-7576-42fe-b07f-a4cc6edfda39}</UUID>
      <VersionUUID>{b6ea6247-a1d5-4bd7-84e8-4dd4d587453e}</VersionUUID>
      <Name>District Heating Total End Uses</Name>
      <ValueType>Double</ValueType>
      <Value>15.1</Value>
      <Units>GJ</Units>
    </Attribute>
    <Attribute>
      <UUID>{23782e0c-fb5d-4735-ad23-01635e672056}</UUID>
      <VersionUUID>{f7dce7e8-e901-48c1-be6d-d3664f8dfb68}</VersionUUID>
      <Name>EndUses.Electricity.InteriorLights.General</Name>
      <ValueType>Double</ValueType>
      <Value>25.23</Value>
      <Units>GJ</Units>
    </Attribute>
    <Attribute>
      <UUID>{002cbc84-aedb-4a11-8448-302d0fd98327}</UUID>
      <VersionUUID>{47a89a47-beaf-4c0d-a012-8662701e2477}</VersionUUID>
      <Name>EndUses.Electricity.InteriorEquipment.General</Name>
      <ValueType>Double</ValueType>
      <Value>22.2</Value>
      <Units>GJ</Units>
    </Attribute>
    <Attribute>
      <UUID>{97cf46c8-7497-4422-971d-854f31e7ca67}</UUID>
      <VersionUUID>{fcec99fc-8e43-46d3-b888-49439e4e7bad}</VersionUUID>
      <Name>EndUses.DistrictCooling.Cooling.General</Name>
      <ValueType>Double</ValueType>
      <Value>11.31</Value>
      <Units>GJ</Units>
    </Attribute>
    <Attribute>
      <UUID>{57d4d82f-536e-47b2-b4e7-b306f8422a65}</UUID>
      <VersionUUID>{6d8c1e4e-7285-487c-b914-fc9b4ada8d0b}</VersionUUID>
      <Name>EndUses.DistrictHeating.Heating.General</Name>
      <ValueType>Double</ValueType>
      <Value>15.1</Value>
      <Units>GJ</Units>
    </Attribute>
    <Attribute>
      <UUID>{d4bbcc04-ac10-423e-b80c-d9d5debbe4d2}</UUID>
      <VersionUUID>{130c38da-9c49-4a53-bd2f-199e5e560ba5}</VersionUUID>
      <Name>First Year Capital Costs</Name>
      <ValueType>Double</ValueType>
      <Value>0</Value>
      <Units>$</Units>
    </Attribute>
    <Attribute>
      <UUID>{b207e737-fbe7-4027-9196-3a72a3147514}</UUID>
      <VersionUUID>{94e45e2b-8638-4762-9328-8fda3c7dd7cc}</VersionUUID>
      <Name>Total Life Cycle Cost</Name>
      <ValueType>Double</ValueType>
      <Value>20318.39</Value>
      <Units>$</Units>
    </Attribute>
    <Attribute>
      <UUID>{28cfffac-ebe0-4aa8-8b8d-382f07d8cfe9}</UUID>
      <VersionUUID>{511caf7d-e454-4001-a409-33275c22b37e}</VersionUUID>
      <Name>floorArea</Name>
      <DisplayName>Floor Area</DisplayName>
      <ValueType>Double</ValueType>
      <Value>223.581916746562</Value>
      <Units>m^2</Units>
    </Attribute>
    <Attribute>
      <UUID>{437dd91a-7013-43e1-9294-427b126d058a}</UUID>
      <VersionUUID>{b8f4e147-0834-4557-990c-09d1561200a3}</VersionUUID>
      <Name>conditionedFloorArea</Name>
      <DisplayName>Conditioned Floor Area</DisplayName>
      <ValueType>Double</ValueType>
      <Value>223.581916746562</Value>
      <Units>m^2</Units>
    </Attribute>
    <Attribute>
      <UUID>{62e9983a-9710-4cc8-b89c-c279de039ec0}</UUID>
      <VersionUUID>{7c29a6ed-e9f9-4495-9a2b-676853e6a21c}</VersionUUID>
      <Name>EndUses</Name>
      <ValueType>AttributeVector</ValueType>
      <Value>
        <Attribute>
          <UUID>{dc4a15f1-fefc-4653-a7dc-62715ccc939e}</UUID>
          <VersionUUID>{bf469aee-f48d-4970-be75-85b0fe342fb1}</VersionUUID>
          <Name>Electricity</Name>
          <ValueType>AttributeVector</ValueType>
          <Value>
            <Attribute>
              <UUID>{709098f0-4331-4f8d-923e-8c1ebd222b6f}</UUID>
              <VersionUUID>{d914ab04-af88-42ae-be72-966cb32da59e}</VersionUUID>
              <Name>InteriorLights</Name>
              <ValueType>AttributeVector</ValueType>
              <Value>
                <Attribute>
                  <UUID>{30e211c1-6d1d-466b-9187-0d28ccc94254}</UUID>
                  <VersionUUID>{25e40220-6f82-49cc-a6ed-8f447291e522}</VersionUUID>
                  <Name>General</Name>
                  <ValueType>Double</ValueType>
                  <Value>25.23</Value>
                  <Units>GJ</Units>
                </Attribute>
              </Value>
            </Attribute>
            <Attribute>
              <UUID>{7b5b3a58-e06f-4341-8617-5137eb9432fe}</UUID>
              <VersionUUID>{4724cd07-cbba-4f64-806f-d44eb0e1f9bd}</VersionUUID>
              <Name>InteriorEquipment</Name>
              <ValueType>AttributeVector</ValueType>
              <Value>
                <Attribute>
                  <UUID>{b6371d98-7ad5-44b3-a16e-4390ac948972}</UUID>
                  <VersionUUID>{fbd32bb6-d38b-4428-a3f6-021b5bafb188}</VersionUUID>
                  <Name>General</Name>
                  <ValueType>Double</ValueType>
                  <Value>22.2</Value>
                  <Units>GJ</Units>
                </Attribute>
              </Value>
            </Attribute>
          </Value>
        </Attribute>
        <Attribute>
          <UUID>{eff32163-b12f-4344-ad33-a7f89f43aaaf}</UUID>
          <VersionUUID>{df452f12-2a78-4ed2-8ec9-867b9c8cb2fb}</VersionUUID>
          <Name>DistrictCooling</Name>
          <ValueType>AttributeVector</ValueType>
          <Value>
            <Attribute>
              <UUID>{f61204ad-86ee-4f90-8a7a-4d2f19b7bac4}</UUID>
              <VersionUUID>{fe184728-9474-4481-b4e5-5d6e3a163ad9}</VersionUUID>
              <Name>Cooling</Name>
              <ValueType>AttributeVector</ValueType>
              <Value>
                <Attribute>
                  <UUID>{02202f04-5e75-48a9-b8be-62ef3bb8b6a9}</UUID>
                  <VersionUUID>{6ac13c20-de30-4b01-b644-1a133ad49a95}</VersionUUID>
                  <Name>General</Name>
                  <ValueType>Double</ValueType>
                  <Value>11.31</Value>
                  <Units>GJ</Units>
                </Attribute>
              </Value>
            </Attribute>
          </Value>
        </Attribute>
        <Attribute>
          <UUID>{88dfe1c8-f2bf-4d7c-bd89-421819eeb77a}</UUID>
          <VersionUUID>{c8032fe3-7d97-4845-9aa7-2e304b9a07ed}</VersionUUID>
          <Name>DistrictHeating</Name>
          <ValueType>AttributeVector</ValueType>
          <Value>
            <Attribute>
              <UUID>{1c04125f-7996-4f8b-8aea-bfe41f4b4a70}</UUID>
              <VersionUUID>{a2cad353-d1d5-4b49-be24-9383082bcce9}</VersionUUID>
              <Name>Heating</Name>
              <ValueType>AttributeVector</ValueType>
              <Value>
                <Attribute>
                  <UUID>{fda1e699-4e60-4a71-b9e5-165060865520}</UUID>
                  <VersionUUID>{02c6a979-e8e9-41af-b39c-424c59e1182c}</VersionUUID>
                  <Name>General</Name>
                  <ValueType>Double</ValueType>
                  <Value>15.1</Value>
                  <Units>GJ</Units>
                </Attribute>
              </Value>
            </Attribute>
          </Value>
        </Attribute>
      </Value>
    </Attribute>
    <Attribute>
      <UUID>{88849c7b-9a3c-4afb-9f0d-340e1f8d56f4}</UUID>
      <VersionUUID>{a18474de-f321-48a7-ba8c-b29347f60f25}</VersionUUID>
      <Name>CalibrationResult</Name>
      <ValueType>AttributeVector</ValueType>
      <Value>
        <Attribute>
          <UUID>{1068c97e-5e77-4f12-99c3-df2d290616d5}</UUID>
          <VersionUUID>{b056a915-0f4b-4211-88cf-f844eb868d9b}</VersionUUID>
          <Name>utilityBills</Name>
          <ValueType>AttributeVector</ValueType>
          <Value/>
        </Attribute>
      </Value>
    </Attribute>
  </Value>
</Attribute>
