<measure>
  <name>Add Cost per Area to Construction</name>
  <uid>bf6ac5d5-6348-4012-b7b4-1200a672e377</uid>
  <version_id>cd9bb0ea-9856-4ec4-8774-0340314ae5d9</version_id>
  <description>This measure will create life cycle cost objects associated with a the building. You can set a material &amp; installation cost, demolition cost, and O&amp;M costs. Optionally existing cost objects already associated with building can be deleted. This measure will not affect energy use of the building.</description>
  <modeler_description>This measure will add a number of life cycle cost objects and associate them with the building. In addition to the inputs for the cost values, a number of other inputs are exposed to specify when the cost first occurs and at what frequency it occurs in the future. This measure is intended to be used as an "Always Run" measure to apply costs to the baseline simulation before any design alternatives manipulate it. This will allow you to show the full cost for your baseline building without having to manually cost all individual objects. You could include construction costs, land, design fees, or anything else you want.&#xd;&#xd;
&#xd;&#xd;
For baseline costs, "Years Until Costs Start? indicates the year that the capital costs first occur. For new construction this will be typically be "0? and "Demolition Costs Occur During Initial Construction?? will be "false?. For a retrofit "Years Until Costs Start? is between "0? and the "Expected Life? of the object, while "Demolition Costs Occur During Initial Construction?? is "true?.  O&amp;M cost and frequency can be whatever is appropriate for the component.&#xd;&#xd;
  </modeler_description>
  <provenances/>
  <tags>
    <tag>Economics.Life Cycle Cost Analysis</tag>
  </tags>
  <attributes>
    <attribute>
      <name>Measure Type</name>
      <value>ModelMeasure</value>
      <datatype>string</datatype>
    </attribute>
    <attribute>
      <name>Measure Function</name>
      <value>Measure</value>
      <datatype>string</datatype>
    </attribute>
    <attribute>
      <name>Requires EnergyPlus Results</name>
      <value>false</value>
      <datatype>boolean</datatype>
    </attribute>
    <attribute>
      <name>Uses SketchUp API</name>
      <value>false</value>
      <datatype>boolean</datatype>
    </attribute>
  </attributes>
  <files>
    <file>
      <filename>0416_NetArea_b.osm</filename>
      <filetype>osm</filetype>
      <usage_type>test</usage_type>
      <checksum>CB515014</checksum>
    </file>
    <file>
      <filename>AddCostPerAreaToConstruction_Test.rb</filename>
      <filetype>rb</filetype>
      <usage_type>test</usage_type>
      <checksum>08B4CA6C</checksum>
    </file>
    <file>
      <version>
        <software_program>OpenStudio</software_program>
        <identifier>0.11.5</identifier>
      </version>
      <filename>measure.rb</filename>
      <filetype>rb</filetype>
      <usage_type>script</usage_type>
      <checksum>9184F5A8</checksum>
    </file>
  </files>
</measure>
