<Attribute>
  <UUID>{dfb3a66e-6384-4888-b775-6ee4c07b71a7}</UUID>
  <VersionUUID>{5d3c3631-8533-4aed-a7a9-23302ee7c6d8}</VersionUUID>
  <Name>Report</Name>
  <ValueType>AttributeVector</ValueType>
  <Value>
    <Attribute>
      <UUID>{7fa7472b-79b4-434e-8806-e537a075b089}</UUID>
      <VersionUUID>{101df9fa-d495-40a5-81f2-1cb10094f8af}</VersionUUID>
      <Name>Total Site Energy</Name>
      <ValueType>Double</ValueType>
      <Value>65.45</Value>
      <Units>GJ</Units>
    </Attribute>
    <Attribute>
      <UUID>{ddb13644-daba-4522-bf6a-9b47a92dabda}</UUID>
      <VersionUUID>{bb6e17f6-4ead-4ff4-8d42-b2a62fa54b1a}</VersionUUID>
      <Name>Net Site Energy</Name>
      <ValueType>Double</ValueType>
      <Value>65.45</Value>
      <Units>GJ</Units>
    </Attribute>
    <Attribute>
      <UUID>{d5a8970d-cade-4073-8d51-667263d39c7f}</UUID>
      <VersionUUID>{d7012dd8-a1c4-4289-85d4-3fc2e2cde165}</VersionUUID>
      <Name>Total Source Energy</Name>
      <ValueType>Double</ValueType>
      <Value>196.43</Value>
      <Units>GJ</Units>
    </Attribute>
    <Attribute>
      <UUID>{fe0a0d5e-3568-4a12-a87f-0f040ce060c2}</UUID>
      <VersionUUID>{533abde8-e30c-4160-b6e8-910ebf38a2df}</VersionUUID>
      <Name>Net Source Energy</Name>
      <ValueType>Double</ValueType>
      <Value>196.43</Value>
      <Units>GJ</Units>
    </Attribute>
    <Attribute>
      <UUID>{678efda3-5b27-48d0-bc3f-252bbeb17d93}</UUID>
      <VersionUUID>{82f358e9-a184-47b6-b337-340633af2fbe}</VersionUUID>
      <Name>Annual Total Utility Cost</Name>
      <ValueType>Double</ValueType>
      <Value>960.88</Value>
      <Units>$</Units>
    </Attribute>
    <Attribute>
      <UUID>{26ad5709-944d-4c11-801d-275cdbc87618}</UUID>
      <VersionUUID>{70f78eb3-096a-4e5e-b642-2de70776fb9e}</VersionUUID>
      <Name>Annual Electric Total Cost</Name>
      <ValueType>Double</ValueType>
      <Value>960.88</Value>
      <Units>$</Units>
    </Attribute>
    <Attribute>
      <UUID>{5254b45e-c323-487d-9e0e-5f7f6dc90cc8}</UUID>
      <VersionUUID>{ac40fbe0-dbbf-4816-bb6b-924449584e24}</VersionUUID>
      <Name>Annual Gas Total Cost</Name>
      <ValueType>Double</ValueType>
      <Value>0</Value>
      <Units>$</Units>
    </Attribute>
    <Attribute>
      <UUID>{1a379b43-2da1-4c73-9493-f8ec5221788b}</UUID>
      <VersionUUID>{88041715-44bc-4489-9ae9-71afd2c43067}</VersionUUID>
      <Name>Net Site Energy Use Intentsity</Name>
      <ValueType>Double</ValueType>
      <Value>292.75</Value>
      <Units>MJ/m^2</Units>
    </Attribute>
    <Attribute>
      <UUID>{8ee8ef03-b92d-4aca-b661-d9294d40588a}</UUID>
      <VersionUUID>{75fa9155-01ca-4ebb-99e5-e162332a3aad}</VersionUUID>
      <Name>Instantaneous Peak Electricity Demand</Name>
      <ValueType>Double</ValueType>
      <Value>2534.17</Value>
      <Units>kW</Units>
    </Attribute>
    <Attribute>
      <UUID>{2a741808-947e-4436-833b-26d1b174cf93}</UUID>
      <VersionUUID>{f479cf61-4205-4abf-b12f-32598dbf425d}</VersionUUID>
      <Name>Electricity Total End Uses</Name>
      <ValueType>Double</ValueType>
      <Value>39.86</Value>
      <Units>GJ</Units>
    </Attribute>
    <Attribute>
      <UUID>{076d231b-fae5-4d48-9f72-e911d2a13362}</UUID>
      <VersionUUID>{be800d6f-2e62-4921-8909-3806c6091a37}</VersionUUID>
      <Name>Natural Gas Total End Uses</Name>
      <ValueType>Double</ValueType>
      <Value>0</Value>
      <Units>GJ</Units>
    </Attribute>
    <Attribute>
      <UUID>{ffc3fa61-ea12-4571-8782-9737936dacb1}</UUID>
      <VersionUUID>{4a95eaf6-9039-47a0-aa1b-1fe8ed4d3a0c}</VersionUUID>
      <Name>District Cooling Total End Uses</Name>
      <ValueType>Double</ValueType>
      <Value>8.71</Value>
      <Units>GJ</Units>
    </Attribute>
    <Attribute>
      <UUID>{694f7964-7162-438f-8409-09d8b113b84f}</UUID>
      <VersionUUID>{990af133-8e89-47b1-8501-c11d27cc87d9}</VersionUUID>
      <Name>District Heating Total End Uses</Name>
      <ValueType>Double</ValueType>
      <Value>16.88</Value>
      <Units>GJ</Units>
    </Attribute>
    <Attribute>
      <UUID>{68b651f2-740e-4b8f-a571-343c85fb0253}</UUID>
      <VersionUUID>{c91dc80f-8646-4313-bb8e-2287dc5a1c51}</VersionUUID>
      <Name>EndUses.Electricity.InteriorLights.General</Name>
      <ValueType>Double</ValueType>
      <Value>17.66</Value>
      <Units>GJ</Units>
    </Attribute>
    <Attribute>
      <UUID>{c795edf1-1d3a-4dd2-8ab4-4fb402f1b471}</UUID>
      <VersionUUID>{c4f08843-52d5-41be-ac22-8d480a41c476}</VersionUUID>
      <Name>EndUses.Electricity.InteriorEquipment.General</Name>
      <ValueType>Double</ValueType>
      <Value>22.2</Value>
      <Units>GJ</Units>
    </Attribute>
    <Attribute>
      <UUID>{9f422c95-b5d6-4e22-ae1e-4a18ba4809eb}</UUID>
      <VersionUUID>{c8e2c421-9697-4718-b3a2-2d1c8280988b}</VersionUUID>
      <Name>EndUses.DistrictCooling.Cooling.General</Name>
      <ValueType>Double</ValueType>
      <Value>8.71</Value>
      <Units>GJ</Units>
    </Attribute>
    <Attribute>
      <UUID>{95cd28cb-3527-4754-8b20-cb417bd958e8}</UUID>
      <VersionUUID>{465f8608-5190-48db-811f-27ddad26a170}</VersionUUID>
      <Name>EndUses.DistrictHeating.Heating.General</Name>
      <ValueType>Double</ValueType>
      <Value>16.88</Value>
      <Units>GJ</Units>
    </Attribute>
    <Attribute>
      <UUID>{52885dfc-5ee7-4637-b34b-d9aade0d090c}</UUID>
      <VersionUUID>{cd2797a7-c847-4c03-89eb-1348f8a473a4}</VersionUUID>
      <Name>First Year Capital Costs</Name>
      <ValueType>Double</ValueType>
      <Value>0</Value>
      <Units>$</Units>
    </Attribute>
    <Attribute>
      <UUID>{b9bbb72a-ea1a-4196-870d-2a62aacbc7ed}</UUID>
      <VersionUUID>{680a35c8-1f9a-4fff-a751-b2e6b82c4bb9}</VersionUUID>
      <Name>Total Life Cycle Cost</Name>
      <ValueType>Double</ValueType>
      <Value>16731.89</Value>
      <Units>$</Units>
    </Attribute>
    <Attribute>
      <UUID>{3bdb32fd-f8cd-4dcb-b868-bbb10ffc6e16}</UUID>
      <VersionUUID>{a463db6e-582a-4d8a-aa69-f057c8b1d250}</VersionUUID>
      <Name>floorArea</Name>
      <DisplayName>Floor Area</DisplayName>
      <ValueType>Double</ValueType>
      <Value>223.581916746562</Value>
      <Units>m^2</Units>
    </Attribute>
    <Attribute>
      <UUID>{24204561-d173-41fa-992c-878766446b84}</UUID>
      <VersionUUID>{604c63ad-46e9-45e9-abcf-6638aa0edf1b}</VersionUUID>
      <Name>conditionedFloorArea</Name>
      <DisplayName>Conditioned Floor Area</DisplayName>
      <ValueType>Double</ValueType>
      <Value>223.581916746562</Value>
      <Units>m^2</Units>
    </Attribute>
    <Attribute>
      <UUID>{bcf4ea20-cba6-4911-a4ca-2beb45c189bc}</UUID>
      <VersionUUID>{5a467445-a83c-4df6-9c28-a8324ce2ae97}</VersionUUID>
      <Name>EndUses</Name>
      <ValueType>AttributeVector</ValueType>
      <Value>
        <Attribute>
          <UUID>{65159f6f-9244-48e5-b860-6f4921c70f0d}</UUID>
          <VersionUUID>{6ae583cc-7250-4947-8ea0-5866c2148f6a}</VersionUUID>
          <Name>Electricity</Name>
          <ValueType>AttributeVector</ValueType>
          <Value>
            <Attribute>
              <UUID>{583318e6-47ad-478f-94e8-442d062d1a77}</UUID>
              <VersionUUID>{efd5f148-78c8-4266-8039-62e60f8c5e49}</VersionUUID>
              <Name>InteriorLights</Name>
              <ValueType>AttributeVector</ValueType>
              <Value>
                <Attribute>
                  <UUID>{bd92d35e-1bd7-49c1-a331-1327b183a219}</UUID>
                  <VersionUUID>{679dd084-5f02-4a9b-a2a9-ab5db93e2874}</VersionUUID>
                  <Name>General</Name>
                  <ValueType>Double</ValueType>
                  <Value>17.66</Value>
                  <Units>GJ</Units>
                </Attribute>
              </Value>
            </Attribute>
            <Attribute>
              <UUID>{e6fef076-fd08-406a-9c18-fe9ec4110009}</UUID>
              <VersionUUID>{140adace-131d-4155-8f68-38712ac4f45c}</VersionUUID>
              <Name>InteriorEquipment</Name>
              <ValueType>AttributeVector</ValueType>
              <Value>
                <Attribute>
                  <UUID>{93e2978b-2492-449d-8916-b98fc19e62dc}</UUID>
                  <VersionUUID>{b2300c3d-101a-45a0-92b3-a22ab56d09aa}</VersionUUID>
                  <Name>General</Name>
                  <ValueType>Double</ValueType>
                  <Value>22.2</Value>
                  <Units>GJ</Units>
                </Attribute>
              </Value>
            </Attribute>
          </Value>
        </Attribute>
        <Attribute>
          <UUID>{f1dc3a27-9e21-4397-96f8-c7ebd810a5f7}</UUID>
          <VersionUUID>{f726dbd2-9a81-4b08-b4bc-b1d560811f0b}</VersionUUID>
          <Name>DistrictCooling</Name>
          <ValueType>AttributeVector</ValueType>
          <Value>
            <Attribute>
              <UUID>{961bcc41-542f-4e87-8c08-7faf38cb279a}</UUID>
              <VersionUUID>{cc7b7b01-6985-4751-bff8-15cc8cae0933}</VersionUUID>
              <Name>Cooling</Name>
              <ValueType>AttributeVector</ValueType>
              <Value>
                <Attribute>
                  <UUID>{b8cead3f-1257-41d4-8b3d-6d1202800cd3}</UUID>
                  <VersionUUID>{b2efc12f-4f6d-4b7b-b617-707fe80356a5}</VersionUUID>
                  <Name>General</Name>
                  <ValueType>Double</ValueType>
                  <Value>8.71</Value>
                  <Units>GJ</Units>
                </Attribute>
              </Value>
            </Attribute>
          </Value>
        </Attribute>
        <Attribute>
          <UUID>{d5a11bae-6d4e-4850-9aa3-2abd4ca09df8}</UUID>
          <VersionUUID>{5383e1ff-9540-4c3b-b5fd-3ccc475e3db5}</VersionUUID>
          <Name>DistrictHeating</Name>
          <ValueType>AttributeVector</ValueType>
          <Value>
            <Attribute>
              <UUID>{b8824611-72d1-4ffc-ae2e-17e4c6e5207c}</UUID>
              <VersionUUID>{00b0fd53-12de-4bdd-8472-83326b662cb9}</VersionUUID>
              <Name>Heating</Name>
              <ValueType>AttributeVector</ValueType>
              <Value>
                <Attribute>
                  <UUID>{1af2a3a6-47b6-4fa7-a22f-882307120b54}</UUID>
                  <VersionUUID>{528a85e3-c707-4b49-9ecf-71c6bd887d1e}</VersionUUID>
                  <Name>General</Name>
                  <ValueType>Double</ValueType>
                  <Value>16.88</Value>
                  <Units>GJ</Units>
                </Attribute>
              </Value>
            </Attribute>
          </Value>
        </Attribute>
      </Value>
    </Attribute>
    <Attribute>
      <UUID>{da28d52d-6ada-40fa-91d0-d280dd14e252}</UUID>
      <VersionUUID>{64a51d68-aeec-4217-9f8f-1698ade9605f}</VersionUUID>
      <Name>CalibrationResult</Name>
      <ValueType>AttributeVector</ValueType>
      <Value>
        <Attribute>
          <UUID>{cfc30990-bc61-47c1-8787-9374e2923340}</UUID>
          <VersionUUID>{b55f98bb-fd6d-4b72-ab36-29520b23ff38}</VersionUUID>
          <Name>utilityBills</Name>
          <ValueType>AttributeVector</ValueType>
          <Value/>
        </Attribute>
      </Value>
    </Attribute>
  </Value>
</Attribute>
