<Attribute>
  <UUID>{7c1d2e6b-ee60-4a6d-97fb-fe0d0367e1d0}</UUID>
  <VersionUUID>{259e2ae3-59f5-4e28-92b7-a3a97ce9d879}</VersionUUID>
  <Name>Report</Name>
  <ValueType>AttributeVector</ValueType>
  <Value>
    <Attribute>
      <UUID>{d3277d7a-53b3-4026-a75c-bb85544b021a}</UUID>
      <VersionUUID>{c8d6252c-7a1e-498b-a2a9-5afe0f1854ef}</VersionUUID>
      <Name>Total Site Energy</Name>
      <ValueType>Double</ValueType>
      <Value>66.21</Value>
      <Units>GJ</Units>
    </Attribute>
    <Attribute>
      <UUID>{b60b92af-ecfe-44f8-abdb-bf99201250e8}</UUID>
      <VersionUUID>{ad7a3236-de1e-42bb-add2-ee337bc5eba0}</VersionUUID>
      <Name>Net Site Energy</Name>
      <ValueType>Double</ValueType>
      <Value>66.21</Value>
      <Units>GJ</Units>
    </Attribute>
    <Attribute>
      <UUID>{bbfe38fb-5abe-46de-8c18-d5f289176fdb}</UUID>
      <VersionUUID>{69eefaba-c59e-4c6c-8952-7c5893f7b4fc}</VersionUUID>
      <Name>Total Source Energy</Name>
      <ValueType>Double</ValueType>
      <Value>206.21</Value>
      <Units>GJ</Units>
    </Attribute>
    <Attribute>
      <UUID>{7893c7db-0799-4737-bb7a-8d308d861b23}</UUID>
      <VersionUUID>{8ca6c9aa-1251-454e-b46c-f3b6ad15afba}</VersionUUID>
      <Name>Net Source Energy</Name>
      <ValueType>Double</ValueType>
      <Value>206.21</Value>
      <Units>GJ</Units>
    </Attribute>
    <Attribute>
      <UUID>{080e1837-544a-4f7f-91ed-b51e632f0219}</UUID>
      <VersionUUID>{3eab99e6-f66c-4c9e-9ac9-0642f782253e}</VersionUUID>
      <Name>Annual Total Utility Cost</Name>
      <ValueType>Double</ValueType>
      <Value>960.88</Value>
      <Units>$</Units>
    </Attribute>
    <Attribute>
      <UUID>{f54532bd-20df-4ac3-a768-b0c7470db5c6}</UUID>
      <VersionUUID>{d8990ebf-9a1b-438a-b329-2803f8c6adde}</VersionUUID>
      <Name>Annual Electric Total Cost</Name>
      <ValueType>Double</ValueType>
      <Value>960.88</Value>
      <Units>$</Units>
    </Attribute>
    <Attribute>
      <UUID>{05a3082b-4874-46d3-9e5e-e9a9728f2495}</UUID>
      <VersionUUID>{74d19dfe-6877-4b55-885d-199c0cdd4d34}</VersionUUID>
      <Name>Annual Gas Total Cost</Name>
      <ValueType>Double</ValueType>
      <Value>0</Value>
      <Units>$</Units>
    </Attribute>
    <Attribute>
      <UUID>{26a324fe-9930-4236-b692-629d94f7df3f}</UUID>
      <VersionUUID>{5dc567ab-59c0-4f44-87b6-3baf920ffddb}</VersionUUID>
      <Name>Net Site Energy Use Intentsity</Name>
      <ValueType>Double</ValueType>
      <Value>296.13</Value>
      <Units>MJ/m^2</Units>
    </Attribute>
    <Attribute>
      <UUID>{b7ba4094-aefb-44c1-8396-834f1a8f8675}</UUID>
      <VersionUUID>{c4d93103-32ed-47aa-a388-e8c6db16c82b}</VersionUUID>
      <Name>Instantaneous Peak Electricity Demand</Name>
      <ValueType>Double</ValueType>
      <Value>2534.17</Value>
      <Units>kW</Units>
    </Attribute>
    <Attribute>
      <UUID>{761815ad-9fdf-467a-bbe1-8f499f0d7b91}</UUID>
      <VersionUUID>{8f5a05bc-eabf-4dd4-96be-e71b0e6fdb23}</VersionUUID>
      <Name>Electricity Total End Uses</Name>
      <ValueType>Double</ValueType>
      <Value>39.86</Value>
      <Units>GJ</Units>
    </Attribute>
    <Attribute>
      <UUID>{3aa7beda-a3c0-47b0-b569-6632d8893616}</UUID>
      <VersionUUID>{265d3590-0c0e-4a8f-9bb4-f7c7f57d41bb}</VersionUUID>
      <Name>Natural Gas Total End Uses</Name>
      <ValueType>Double</ValueType>
      <Value>0</Value>
      <Units>GJ</Units>
    </Attribute>
    <Attribute>
      <UUID>{0d39a8ee-f603-495c-b833-62185a8b157e}</UUID>
      <VersionUUID>{17b0f73d-10bd-4e0e-9c8b-8ce5c7557c7e}</VersionUUID>
      <Name>District Cooling Total End Uses</Name>
      <ValueType>Double</ValueType>
      <Value>5.96</Value>
      <Units>GJ</Units>
    </Attribute>
    <Attribute>
      <UUID>{757e3dc0-6643-4540-bdbd-fc1daedc92b4}</UUID>
      <VersionUUID>{199ddce6-c5c8-4ace-915e-c9d5b4e9ff83}</VersionUUID>
      <Name>District Heating Total End Uses</Name>
      <ValueType>Double</ValueType>
      <Value>20.4</Value>
      <Units>GJ</Units>
    </Attribute>
    <Attribute>
      <UUID>{952bb01e-4c94-4f85-971e-02e65e1732bb}</UUID>
      <VersionUUID>{c92c7d14-86e8-4e00-a68b-235890621474}</VersionUUID>
      <Name>EndUses.Electricity.InteriorLights.General</Name>
      <ValueType>Double</ValueType>
      <Value>17.66</Value>
      <Units>GJ</Units>
    </Attribute>
    <Attribute>
      <UUID>{b1d97361-af7d-47ce-9507-3b847ecc1839}</UUID>
      <VersionUUID>{1995abc5-8eb6-4a4d-869f-70d910868660}</VersionUUID>
      <Name>EndUses.Electricity.InteriorEquipment.General</Name>
      <ValueType>Double</ValueType>
      <Value>22.2</Value>
      <Units>GJ</Units>
    </Attribute>
    <Attribute>
      <UUID>{f8796c41-85ea-45fe-8a9c-5176d70a7acc}</UUID>
      <VersionUUID>{7cbe6ea4-e07b-409d-99e8-6d6c1d26340a}</VersionUUID>
      <Name>EndUses.DistrictCooling.Cooling.General</Name>
      <ValueType>Double</ValueType>
      <Value>5.96</Value>
      <Units>GJ</Units>
    </Attribute>
    <Attribute>
      <UUID>{689a6140-453a-47fd-b18c-85856b6be02e}</UUID>
      <VersionUUID>{c6f2fa6f-db37-49ad-9df6-0317898296a2}</VersionUUID>
      <Name>EndUses.DistrictHeating.Heating.General</Name>
      <ValueType>Double</ValueType>
      <Value>20.4</Value>
      <Units>GJ</Units>
    </Attribute>
    <Attribute>
      <UUID>{77b967dc-7b0d-413c-a922-ede882bd0aae}</UUID>
      <VersionUUID>{4a8fc74f-fbde-4e48-929f-0346d9ad0df8}</VersionUUID>
      <Name>First Year Capital Costs</Name>
      <ValueType>Double</ValueType>
      <Value>0</Value>
      <Units>$</Units>
    </Attribute>
    <Attribute>
      <UUID>{26f722ae-3d38-4a94-a2de-5cc6273ef509}</UUID>
      <VersionUUID>{bd106030-4cff-4bd7-8625-676e9a2e84a3}</VersionUUID>
      <Name>Total Life Cycle Cost</Name>
      <ValueType>Double</ValueType>
      <Value>16731.89</Value>
      <Units>$</Units>
    </Attribute>
    <Attribute>
      <UUID>{f65f58e5-cd84-4fb4-9640-0d0c9cf19994}</UUID>
      <VersionUUID>{47290ff7-6a41-43cc-a1e1-0410b15c1da6}</VersionUUID>
      <Name>floorArea</Name>
      <DisplayName>Floor Area</DisplayName>
      <ValueType>Double</ValueType>
      <Value>223.581916746562</Value>
      <Units>m^2</Units>
    </Attribute>
    <Attribute>
      <UUID>{4ea1cca8-65d4-4c83-9ba0-8ff16d9ab77c}</UUID>
      <VersionUUID>{45b69dfd-a0e9-42cb-bf8c-4b760ec0772a}</VersionUUID>
      <Name>conditionedFloorArea</Name>
      <DisplayName>Conditioned Floor Area</DisplayName>
      <ValueType>Double</ValueType>
      <Value>223.581916746562</Value>
      <Units>m^2</Units>
    </Attribute>
    <Attribute>
      <UUID>{28ddb53f-87e6-4979-b810-98a9b5f908b3}</UUID>
      <VersionUUID>{494b55b7-51aa-4321-b732-ecc8b67e69a7}</VersionUUID>
      <Name>EndUses</Name>
      <ValueType>AttributeVector</ValueType>
      <Value>
        <Attribute>
          <UUID>{26f72e45-b7f1-4b7d-b743-79ffb4c46fe0}</UUID>
          <VersionUUID>{2e510a4b-9ed0-48ab-84a2-8e2762aeb5a3}</VersionUUID>
          <Name>Electricity</Name>
          <ValueType>AttributeVector</ValueType>
          <Value>
            <Attribute>
              <UUID>{ce8d2327-ee42-421f-9f1f-ff31782784ab}</UUID>
              <VersionUUID>{6a1562e2-b55b-47a7-921e-a258bb767944}</VersionUUID>
              <Name>InteriorLights</Name>
              <ValueType>AttributeVector</ValueType>
              <Value>
                <Attribute>
                  <UUID>{4cb6178e-767d-4f02-a4b4-117446a07af2}</UUID>
                  <VersionUUID>{deaaf55f-48db-4ea9-a1fa-c288dea7b48d}</VersionUUID>
                  <Name>General</Name>
                  <ValueType>Double</ValueType>
                  <Value>17.66</Value>
                  <Units>GJ</Units>
                </Attribute>
              </Value>
            </Attribute>
            <Attribute>
              <UUID>{cc7fd559-7b06-4453-a8e2-1abd19cd377d}</UUID>
              <VersionUUID>{b90200e9-32b2-4b44-9625-979c1b73807f}</VersionUUID>
              <Name>InteriorEquipment</Name>
              <ValueType>AttributeVector</ValueType>
              <Value>
                <Attribute>
                  <UUID>{481f8683-21bf-4f8c-b744-bb234eec5c17}</UUID>
                  <VersionUUID>{008d154f-293f-4dcc-8aee-31421a98e800}</VersionUUID>
                  <Name>General</Name>
                  <ValueType>Double</ValueType>
                  <Value>22.2</Value>
                  <Units>GJ</Units>
                </Attribute>
              </Value>
            </Attribute>
          </Value>
        </Attribute>
        <Attribute>
          <UUID>{2e8a1327-7cdd-422b-8164-f3f289ec0c8a}</UUID>
          <VersionUUID>{468438fe-8046-4bde-96c0-d800fb0218eb}</VersionUUID>
          <Name>DistrictCooling</Name>
          <ValueType>AttributeVector</ValueType>
          <Value>
            <Attribute>
              <UUID>{3f375c87-21a2-44c0-b5e2-9760ced18a2e}</UUID>
              <VersionUUID>{eb8382d2-4c3f-4433-8e72-6e5b5d563f41}</VersionUUID>
              <Name>Cooling</Name>
              <ValueType>AttributeVector</ValueType>
              <Value>
                <Attribute>
                  <UUID>{6d3d20de-42f1-4893-be31-157cda534bc5}</UUID>
                  <VersionUUID>{d3353caa-72bc-4459-a27f-f543e55c0b05}</VersionUUID>
                  <Name>General</Name>
                  <ValueType>Double</ValueType>
                  <Value>5.96</Value>
                  <Units>GJ</Units>
                </Attribute>
              </Value>
            </Attribute>
          </Value>
        </Attribute>
        <Attribute>
          <UUID>{b0db6603-092a-4d79-94ac-d2288214b4d8}</UUID>
          <VersionUUID>{3fbd9074-533e-4eff-be66-9df37e621dc1}</VersionUUID>
          <Name>DistrictHeating</Name>
          <ValueType>AttributeVector</ValueType>
          <Value>
            <Attribute>
              <UUID>{815a6d96-4682-4340-9f77-f644c842fa94}</UUID>
              <VersionUUID>{2718ac5d-67bf-4a76-a553-c062bb3e7f17}</VersionUUID>
              <Name>Heating</Name>
              <ValueType>AttributeVector</ValueType>
              <Value>
                <Attribute>
                  <UUID>{3d42239d-9ccb-4f4f-9a18-705aa5c66bda}</UUID>
                  <VersionUUID>{169acb5a-6d37-4ba5-af9b-1df34f158721}</VersionUUID>
                  <Name>General</Name>
                  <ValueType>Double</ValueType>
                  <Value>20.4</Value>
                  <Units>GJ</Units>
                </Attribute>
              </Value>
            </Attribute>
          </Value>
        </Attribute>
      </Value>
    </Attribute>
    <Attribute>
      <UUID>{37f53b10-e40c-4a9c-93ab-05b14b5a2c34}</UUID>
      <VersionUUID>{63fba029-fc56-4479-a067-d2ff66f6977d}</VersionUUID>
      <Name>CalibrationResult</Name>
      <ValueType>AttributeVector</ValueType>
      <Value>
        <Attribute>
          <UUID>{2c6d2c88-5a25-4ce7-8f16-1c537114b698}</UUID>
          <VersionUUID>{69234a62-697b-45f7-afd0-cf4be5b10a01}</VersionUUID>
          <Name>utilityBills</Name>
          <ValueType>AttributeVector</ValueType>
          <Value/>
        </Attribute>
      </Value>
    </Attribute>
  </Value>
</Attribute>
