<Attribute>
  <UUID>{d05b8000-f788-491d-92ef-a63d1c89007b}</UUID>
  <VersionUUID>{fac7d15b-f0ff-4101-a7c3-9c267ffebd39}</VersionUUID>
  <Name>Report</Name>
  <ValueType>AttributeVector</ValueType>
  <Value>
    <Attribute>
      <UUID>{34532b29-846b-4abe-abf2-786e95e7371f}</UUID>
      <VersionUUID>{f6ac03fc-c53e-42e6-af35-0c1b9d7e32d2}</VersionUUID>
      <Name>Total Site Energy</Name>
      <ValueType>Double</ValueType>
      <Value>4244.96</Value>
      <Units>GJ</Units>
    </Attribute>
    <Attribute>
      <UUID>{6c2b5a54-b052-41ed-aa0c-1672552a90aa}</UUID>
      <VersionUUID>{b58c07de-1d6a-4228-bcd4-c8566310f7f5}</VersionUUID>
      <Name>Net Site Energy</Name>
      <ValueType>Double</ValueType>
      <Value>4244.96</Value>
      <Units>GJ</Units>
    </Attribute>
    <Attribute>
      <UUID>{bcc50dc7-97a4-433d-8486-572257707eff}</UUID>
      <VersionUUID>{c1eab706-3159-435e-be32-a57ce755f13b}</VersionUUID>
      <Name>Total Source Energy</Name>
      <ValueType>Double</ValueType>
      <Value>10654.34</Value>
      <Units>GJ</Units>
    </Attribute>
    <Attribute>
      <UUID>{f7e7483c-7e37-4236-9cf9-6c6e4d7869b2}</UUID>
      <VersionUUID>{88b3d963-b73b-4ae5-bbae-31deaa41547c}</VersionUUID>
      <Name>Net Source Energy</Name>
      <ValueType>Double</ValueType>
      <Value>10654.34</Value>
      <Units>GJ</Units>
    </Attribute>
    <Attribute>
      <UUID>{7882a794-44f7-4c0c-8b12-9124d190fef7}</UUID>
      <VersionUUID>{7b313a00-9e2a-40be-88f3-441600c1e3b6}</VersionUUID>
      <Name>Net Site Energy Use Intentsity</Name>
      <ValueType>Double</ValueType>
      <Value>1827.69</Value>
      <Units>MJ/m^2</Units>
    </Attribute>
    <Attribute>
      <UUID>{b2eb2b85-5c23-44b9-ba43-6758f6615770}</UUID>
      <VersionUUID>{6ecbfbe7-466d-4fc9-b279-964c5c39263f}</VersionUUID>
      <Name>Instantaneous Peak Electricity Demand</Name>
      <ValueType>Double</ValueType>
      <Value>214693.04</Value>
      <Units>kW</Units>
    </Attribute>
    <Attribute>
      <UUID>{f80fa78b-7bbe-4077-a9f9-3b07178e9162}</UUID>
      <VersionUUID>{671756d8-fa0d-4a65-b9a3-7c7a598089c8}</VersionUUID>
      <Name>Electricity Total End Uses</Name>
      <ValueType>Double</ValueType>
      <Value>2905.81</Value>
      <Units>GJ</Units>
    </Attribute>
    <Attribute>
      <UUID>{1b5afd7b-cb6e-4fb5-9290-756b0d812f24}</UUID>
      <VersionUUID>{fc5129c4-4958-4fff-90e6-1dbd20eb794a}</VersionUUID>
      <Name>Natural Gas Total End Uses</Name>
      <ValueType>Double</ValueType>
      <Value>1339.15</Value>
      <Units>GJ</Units>
    </Attribute>
    <Attribute>
      <UUID>{cd8f19e5-3776-4680-af13-bd6ac53759b7}</UUID>
      <VersionUUID>{c072405f-a705-4253-a1d8-78fc3304ec3e}</VersionUUID>
      <Name>District Cooling Total End Uses</Name>
      <ValueType>Double</ValueType>
      <Value>0</Value>
      <Units>GJ</Units>
    </Attribute>
    <Attribute>
      <UUID>{bbc0c277-9d64-4b80-8b2e-634321b150b1}</UUID>
      <VersionUUID>{b0588ced-6a55-4e9d-ae26-21a20221ce80}</VersionUUID>
      <Name>District Heating Total End Uses</Name>
      <ValueType>Double</ValueType>
      <Value>0</Value>
      <Units>GJ</Units>
    </Attribute>
    <Attribute>
      <UUID>{49d32a50-f4ad-4bac-8ecf-5e864668583b}</UUID>
      <VersionUUID>{02c6ada4-7326-4e6a-87e1-6561102c8cde}</VersionUUID>
      <Name>EndUses.Electricity.Heating.General</Name>
      <ValueType>Double</ValueType>
      <Value>643.78</Value>
      <Units>GJ</Units>
    </Attribute>
    <Attribute>
      <UUID>{4cf34307-e039-4dd3-a026-a5301b8258d2}</UUID>
      <VersionUUID>{fab3848e-ee9b-47c5-b445-7dadde5d3148}</VersionUUID>
      <Name>EndUses.Electricity.Cooling.General</Name>
      <ValueType>Double</ValueType>
      <Value>470.5</Value>
      <Units>GJ</Units>
    </Attribute>
    <Attribute>
      <UUID>{4214c4ce-7bd6-46b4-b2f5-08cc2d8dc82c}</UUID>
      <VersionUUID>{c2e67758-2ea3-413d-99e6-73a469ab504d}</VersionUUID>
      <Name>EndUses.Electricity.InteriorLights.General</Name>
      <ValueType>Double</ValueType>
      <Value>684.69</Value>
      <Units>GJ</Units>
    </Attribute>
    <Attribute>
      <UUID>{89cd92c1-b336-425d-8540-19b3b1ec76a7}</UUID>
      <VersionUUID>{a4a8cd09-3b9b-4ee4-aa84-a08fcc8f2742}</VersionUUID>
      <Name>EndUses.Electricity.InteriorEquipment.General</Name>
      <ValueType>Double</ValueType>
      <Value>753.74</Value>
      <Units>GJ</Units>
    </Attribute>
    <Attribute>
      <UUID>{b06ac1f6-4f07-4fa1-a57f-45faa67a2b2d}</UUID>
      <VersionUUID>{0ffbfe0c-72e4-4360-a65c-8df09fe12607}</VersionUUID>
      <Name>EndUses.Electricity.Fans.General</Name>
      <ValueType>Double</ValueType>
      <Value>228.42</Value>
      <Units>GJ</Units>
    </Attribute>
    <Attribute>
      <UUID>{c6e78990-4e34-42af-a1fd-8c273b799cb1}</UUID>
      <VersionUUID>{2f2ebcea-0353-4c9f-802a-fde918fc5826}</VersionUUID>
      <Name>EndUses.Electricity.Pumps.General</Name>
      <ValueType>Double</ValueType>
      <Value>94.19</Value>
      <Units>GJ</Units>
    </Attribute>
    <Attribute>
      <UUID>{8c9c73db-1089-42ec-93a8-1b7b4df3d449}</UUID>
      <VersionUUID>{65b8391a-24d9-4e18-94ed-79db8f7363c3}</VersionUUID>
      <Name>EndUses.Electricity.HeatRejection.General</Name>
      <ValueType>Double</ValueType>
      <Value>30.49</Value>
      <Units>GJ</Units>
    </Attribute>
    <Attribute>
      <UUID>{0f04016d-1aae-4e51-a949-d70657473d5b}</UUID>
      <VersionUUID>{d69d677a-ceac-4075-8d5e-bd92727f0ef4}</VersionUUID>
      <Name>EndUses.Gas.Heating.General</Name>
      <ValueType>Double</ValueType>
      <Value>740.23</Value>
      <Units>GJ</Units>
    </Attribute>
    <Attribute>
      <UUID>{8b1744c1-d1ec-4eeb-96b6-ba9bdfea40b2}</UUID>
      <VersionUUID>{c3a2a143-31c6-49a5-8574-a016cf8160ae}</VersionUUID>
      <Name>EndUses.Gas.InteriorEquipment.General</Name>
      <ValueType>Double</ValueType>
      <Value>598.92</Value>
      <Units>GJ</Units>
    </Attribute>
    <Attribute>
      <UUID>{0b1baa40-8407-4be7-836a-fb0bb36f65f7}</UUID>
      <VersionUUID>{a30d2632-8540-49cb-b64d-420f4a7254aa}</VersionUUID>
      <Name>EndUses.Water.HeatRejection.General</Name>
      <ValueType>Double</ValueType>
      <Value>748.71</Value>
      <Units>m3</Units>
    </Attribute>
    <Attribute>
      <UUID>{8e9b1b54-f6ea-4f9e-a35d-6f7c0b0287fc}</UUID>
      <VersionUUID>{b5e92052-d49e-4f7d-81b2-727b58c32c5d}</VersionUUID>
      <Name>First Year Capital Costs</Name>
      <ValueType>Double</ValueType>
      <Value>0</Value>
      <Units>$</Units>
    </Attribute>
    <Attribute>
      <UUID>{157f7dba-554d-4af4-b07d-06b4bcdefff4}</UUID>
      <VersionUUID>{9247089c-0acb-4a14-af80-266478c5113a}</VersionUUID>
      <Name>Total Life Cycle Cost</Name>
      <ValueType>Double</ValueType>
      <Value>0</Value>
      <Units>$</Units>
    </Attribute>
    <Attribute>
      <UUID>{cbc298d8-a72d-47ba-b0fc-2b5af7cbaec8}</UUID>
      <VersionUUID>{16d30210-fcd7-45ba-bd1b-c56b00ccecfe}</VersionUUID>
      <Name>floorArea</Name>
      <DisplayName>Floor Area</DisplayName>
      <ValueType>Double</ValueType>
      <Value>2322.576</Value>
      <Units>m^2</Units>
    </Attribute>
    <Attribute>
      <UUID>{63e835cf-6d61-48cb-b3c8-24c47ef36b97}</UUID>
      <VersionUUID>{26a5c761-4b78-4101-b72f-4807913177c2}</VersionUUID>
      <Name>conditionedFloorArea</Name>
      <DisplayName>Conditioned Floor Area</DisplayName>
      <ValueType>Double</ValueType>
      <Value>2322.576</Value>
      <Units>m^2</Units>
    </Attribute>
    <Attribute>
      <UUID>{4ad58e67-b7bf-47fd-ab45-8f8f49422e9b}</UUID>
      <VersionUUID>{2026a420-bb21-45e1-8237-eb687ab18ce1}</VersionUUID>
      <Name>EndUses</Name>
      <ValueType>AttributeVector</ValueType>
      <Value>
        <Attribute>
          <UUID>{c2986fea-2053-4339-93d8-850d0c08b5d3}</UUID>
          <VersionUUID>{d528a681-2a3c-45d9-829a-ce6372c4ebe6}</VersionUUID>
          <Name>Electricity</Name>
          <ValueType>AttributeVector</ValueType>
          <Value>
            <Attribute>
              <UUID>{4570ea78-46ad-40eb-8bbd-58017df6b032}</UUID>
              <VersionUUID>{b6dbd32c-f8b1-4702-934b-9cd49903a9f2}</VersionUUID>
              <Name>Heating</Name>
              <ValueType>AttributeVector</ValueType>
              <Value>
                <Attribute>
                  <UUID>{e01c4616-8725-4df4-9337-e1ed0b6f6450}</UUID>
                  <VersionUUID>{11c75c2f-7502-4038-a315-4b28af2f5a8c}</VersionUUID>
                  <Name>General</Name>
                  <ValueType>Double</ValueType>
                  <Value>643.78</Value>
                  <Units>GJ</Units>
                </Attribute>
              </Value>
            </Attribute>
            <Attribute>
              <UUID>{39fc6af2-77bb-4f23-852e-4b3a3d5d4b55}</UUID>
              <VersionUUID>{8729065b-e0bc-4d3d-b5b1-a9fda39ea572}</VersionUUID>
              <Name>Cooling</Name>
              <ValueType>AttributeVector</ValueType>
              <Value>
                <Attribute>
                  <UUID>{94566a91-1ec9-408a-b069-d9d94e24d1ac}</UUID>
                  <VersionUUID>{ed70f8d6-c7e8-4add-bc92-ec7ecff25d43}</VersionUUID>
                  <Name>General</Name>
                  <ValueType>Double</ValueType>
                  <Value>470.5</Value>
                  <Units>GJ</Units>
                </Attribute>
              </Value>
            </Attribute>
            <Attribute>
              <UUID>{ec876b0f-152a-45fe-86e8-5fcd82de49a6}</UUID>
              <VersionUUID>{bf026d75-4f4f-41d1-a138-b860564b2c7f}</VersionUUID>
              <Name>InteriorLights</Name>
              <ValueType>AttributeVector</ValueType>
              <Value>
                <Attribute>
                  <UUID>{2a37a86d-8fef-41a8-b595-f243c2ac0c77}</UUID>
                  <VersionUUID>{bdce9d05-2d7f-4586-9142-5483a9737e21}</VersionUUID>
                  <Name>General</Name>
                  <ValueType>Double</ValueType>
                  <Value>684.69</Value>
                  <Units>GJ</Units>
                </Attribute>
              </Value>
            </Attribute>
            <Attribute>
              <UUID>{bcb0ca9a-6735-4c43-8324-801657db93e0}</UUID>
              <VersionUUID>{f39c0ae0-c6cd-4d3d-92a5-d60d9c1524ef}</VersionUUID>
              <Name>InteriorEquipment</Name>
              <ValueType>AttributeVector</ValueType>
              <Value>
                <Attribute>
                  <UUID>{69ec9fc5-0d0d-4df1-9b27-b23e057b3b19}</UUID>
                  <VersionUUID>{f7bcd43c-e256-4416-aad4-607fb6192ba3}</VersionUUID>
                  <Name>General</Name>
                  <ValueType>Double</ValueType>
                  <Value>753.74</Value>
                  <Units>GJ</Units>
                </Attribute>
              </Value>
            </Attribute>
            <Attribute>
              <UUID>{d9dbd6f1-6263-429a-af9c-389b3a7df545}</UUID>
              <VersionUUID>{9a6cbb50-82ce-4701-9db7-12ba4afbe2e6}</VersionUUID>
              <Name>Fans</Name>
              <ValueType>AttributeVector</ValueType>
              <Value>
                <Attribute>
                  <UUID>{0c5d477c-ddd0-47ea-afe4-d7d6af482726}</UUID>
                  <VersionUUID>{c9570405-eaff-47ac-82c1-879000b19454}</VersionUUID>
                  <Name>General</Name>
                  <ValueType>Double</ValueType>
                  <Value>228.42</Value>
                  <Units>GJ</Units>
                </Attribute>
              </Value>
            </Attribute>
            <Attribute>
              <UUID>{ac053aca-741f-4b63-839d-5bdfac25ea57}</UUID>
              <VersionUUID>{584696e1-a08c-4e71-bb21-e747a2fb690b}</VersionUUID>
              <Name>Pumps</Name>
              <ValueType>AttributeVector</ValueType>
              <Value>
                <Attribute>
                  <UUID>{0a1d55f4-a896-464d-9644-6a8af1006d65}</UUID>
                  <VersionUUID>{39d2b17e-294e-4583-83e8-699d8488f9ff}</VersionUUID>
                  <Name>General</Name>
                  <ValueType>Double</ValueType>
                  <Value>94.19</Value>
                  <Units>GJ</Units>
                </Attribute>
              </Value>
            </Attribute>
            <Attribute>
              <UUID>{201eaac1-4dd1-47ae-b518-8b0db72858e3}</UUID>
              <VersionUUID>{7f5432de-2589-4bb0-b96e-b30c6d3b0dfc}</VersionUUID>
              <Name>HeatRejection</Name>
              <ValueType>AttributeVector</ValueType>
              <Value>
                <Attribute>
                  <UUID>{3b201a17-ed09-485c-bdb2-79d810753ad2}</UUID>
                  <VersionUUID>{9fd95ce3-20b8-43de-974e-6336d7f51be2}</VersionUUID>
                  <Name>General</Name>
                  <ValueType>Double</ValueType>
                  <Value>30.49</Value>
                  <Units>GJ</Units>
                </Attribute>
              </Value>
            </Attribute>
          </Value>
        </Attribute>
        <Attribute>
          <UUID>{fea7db0c-b259-4b83-bf11-47e9cda95b0b}</UUID>
          <VersionUUID>{4df74e89-9b74-4f93-a292-fe86d1e14b22}</VersionUUID>
          <Name>Gas</Name>
          <ValueType>AttributeVector</ValueType>
          <Value>
            <Attribute>
              <UUID>{c361eab6-52a7-465c-a229-a0110017d440}</UUID>
              <VersionUUID>{f63dc6f3-f832-4e4b-bb6c-2bcba58013b6}</VersionUUID>
              <Name>Heating</Name>
              <ValueType>AttributeVector</ValueType>
              <Value>
                <Attribute>
                  <UUID>{f37721ec-0290-4f41-b038-58664bf31374}</UUID>
                  <VersionUUID>{8e55fa8c-6150-4d53-936e-14cf6a75fbcb}</VersionUUID>
                  <Name>General</Name>
                  <ValueType>Double</ValueType>
                  <Value>740.23</Value>
                  <Units>GJ</Units>
                </Attribute>
              </Value>
            </Attribute>
            <Attribute>
              <UUID>{4974a542-173c-4a90-a4e6-3a711fe0b05a}</UUID>
              <VersionUUID>{792e9f8f-64b7-475e-8f05-49a5c988b605}</VersionUUID>
              <Name>InteriorEquipment</Name>
              <ValueType>AttributeVector</ValueType>
              <Value>
                <Attribute>
                  <UUID>{aec7b134-29ca-464d-b242-f28b110d1982}</UUID>
                  <VersionUUID>{c59ce38a-8958-4b02-9c3d-a03222604196}</VersionUUID>
                  <Name>General</Name>
                  <ValueType>Double</ValueType>
                  <Value>598.92</Value>
                  <Units>GJ</Units>
                </Attribute>
              </Value>
            </Attribute>
          </Value>
        </Attribute>
        <Attribute>
          <UUID>{626706e3-a4f4-4026-96dd-7f24c943c4ef}</UUID>
          <VersionUUID>{60abc401-1a0f-45a1-b7e6-f9b0f2335e65}</VersionUUID>
          <Name>Water</Name>
          <ValueType>AttributeVector</ValueType>
          <Value>
            <Attribute>
              <UUID>{b3fa6bb9-eec0-4d2f-a2e6-a25287d6212f}</UUID>
              <VersionUUID>{4ddc18e5-8bb5-4e95-a7fc-c859e2cc54a7}</VersionUUID>
              <Name>HeatRejection</Name>
              <ValueType>AttributeVector</ValueType>
              <Value>
                <Attribute>
                  <UUID>{b99488b6-bdf8-4cb3-81c0-bee0d1e5e21b}</UUID>
                  <VersionUUID>{eb6f4c09-8e03-4677-97eb-a5c0378786a9}</VersionUUID>
                  <Name>General</Name>
                  <ValueType>Double</ValueType>
                  <Value>748.71</Value>
                  <Units>m3</Units>
                </Attribute>
              </Value>
            </Attribute>
          </Value>
        </Attribute>
      </Value>
    </Attribute>
    <Attribute>
      <UUID>{5d82c56a-882c-4756-876f-7c45e13cf623}</UUID>
      <VersionUUID>{830228f0-643c-4da3-85b1-c7f59371b14a}</VersionUUID>
      <Name>CalibrationResult</Name>
      <ValueType>AttributeVector</ValueType>
      <Value>
        <Attribute>
          <UUID>{1d1559cd-3f1b-4f96-857b-cf552bce1145}</UUID>
          <VersionUUID>{08836c5a-6ee5-4bd4-9aca-dd026349e821}</VersionUUID>
          <Name>utilityBills</Name>
          <ValueType>AttributeVector</ValueType>
          <Value/>
        </Attribute>
      </Value>
    </Attribute>
  </Value>
</Attribute>
