<Attribute>
  <UUID>{9421b01f-6d40-40cc-8c4f-8d5976f7a8a5}</UUID>
  <VersionUUID>{79520bbf-c71b-4d74-973f-3f97ab505a59}</VersionUUID>
  <Name>Report</Name>
  <ValueType>AttributeVector</ValueType>
  <Value>
    <Attribute>
      <UUID>{2a027e5a-1641-4022-a0a6-e4ccf877e002}</UUID>
      <VersionUUID>{6b6f398e-056a-4b37-a344-82497751d103}</VersionUUID>
      <Name>Total Site Energy</Name>
      <ValueType>Double</ValueType>
      <Value>66.21</Value>
      <Units>GJ</Units>
    </Attribute>
    <Attribute>
      <UUID>{76f5432f-e766-4626-90e0-a0fdafb08719}</UUID>
      <VersionUUID>{ec3abf16-267c-4654-9794-a13d38e1662b}</VersionUUID>
      <Name>Net Site Energy</Name>
      <ValueType>Double</ValueType>
      <Value>66.21</Value>
      <Units>GJ</Units>
    </Attribute>
    <Attribute>
      <UUID>{9108b473-f627-4d78-9ce6-467db161ca3d}</UUID>
      <VersionUUID>{0f891582-2064-4e90-ac1e-bc4266b024c2}</VersionUUID>
      <Name>Total Source Energy</Name>
      <ValueType>Double</ValueType>
      <Value>206.21</Value>
      <Units>GJ</Units>
    </Attribute>
    <Attribute>
      <UUID>{001066a9-f0b6-455b-92c6-2cae11ddef8a}</UUID>
      <VersionUUID>{dfe84675-36f9-426a-9839-0ba9b1c5c8df}</VersionUUID>
      <Name>Net Source Energy</Name>
      <ValueType>Double</ValueType>
      <Value>206.21</Value>
      <Units>GJ</Units>
    </Attribute>
    <Attribute>
      <UUID>{be9faa20-4668-4cb7-87c3-25f88323af12}</UUID>
      <VersionUUID>{7bdabaa1-6e0f-4904-93a0-c24f31705ea3}</VersionUUID>
      <Name>Annual Total Utility Cost</Name>
      <ValueType>Double</ValueType>
      <Value>960.88</Value>
      <Units>$</Units>
    </Attribute>
    <Attribute>
      <UUID>{f7fba099-d9d6-42ef-859d-814b10a1f48b}</UUID>
      <VersionUUID>{08de0b13-faad-46d2-bff7-e5b07aa5fdd6}</VersionUUID>
      <Name>Annual Electric Total Cost</Name>
      <ValueType>Double</ValueType>
      <Value>960.88</Value>
      <Units>$</Units>
    </Attribute>
    <Attribute>
      <UUID>{dd986aa3-16cb-42c0-8f1c-af633cee5d60}</UUID>
      <VersionUUID>{3a2cabef-4c3d-4672-96e4-62eba836481f}</VersionUUID>
      <Name>Annual Gas Total Cost</Name>
      <ValueType>Double</ValueType>
      <Value>0</Value>
      <Units>$</Units>
    </Attribute>
    <Attribute>
      <UUID>{e2fd12c3-ae21-4a14-8a0f-1d7f79ee36ce}</UUID>
      <VersionUUID>{7fdbc671-47de-4eaa-b033-1d550db8097a}</VersionUUID>
      <Name>Net Site Energy Use Intentsity</Name>
      <ValueType>Double</ValueType>
      <Value>296.13</Value>
      <Units>MJ/m^2</Units>
    </Attribute>
    <Attribute>
      <UUID>{683ac00b-3cc7-4b7f-afd1-44bf08e82d4f}</UUID>
      <VersionUUID>{c5fa0392-c060-4bdf-aa81-11375f2029a9}</VersionUUID>
      <Name>Instantaneous Peak Electricity Demand</Name>
      <ValueType>Double</ValueType>
      <Value>2534.17</Value>
      <Units>kW</Units>
    </Attribute>
    <Attribute>
      <UUID>{24c74906-b35a-4522-a917-07f88298eedf}</UUID>
      <VersionUUID>{25ce381c-c003-4c5e-99b1-9710737dad35}</VersionUUID>
      <Name>Electricity Total End Uses</Name>
      <ValueType>Double</ValueType>
      <Value>39.86</Value>
      <Units>GJ</Units>
    </Attribute>
    <Attribute>
      <UUID>{1ad94a9e-3d8d-4062-9fcd-ffee160c2dde}</UUID>
      <VersionUUID>{2973bada-8ec8-4aae-bf9c-1fab9f5b77bc}</VersionUUID>
      <Name>Natural Gas Total End Uses</Name>
      <ValueType>Double</ValueType>
      <Value>0</Value>
      <Units>GJ</Units>
    </Attribute>
    <Attribute>
      <UUID>{f2299a41-cc91-48f8-8a70-87be9c35e489}</UUID>
      <VersionUUID>{817a84ab-e1e8-41f5-9c44-b87f7da2f5ec}</VersionUUID>
      <Name>District Cooling Total End Uses</Name>
      <ValueType>Double</ValueType>
      <Value>5.96</Value>
      <Units>GJ</Units>
    </Attribute>
    <Attribute>
      <UUID>{b62005ac-98e2-4f05-85d4-c80808fb35ff}</UUID>
      <VersionUUID>{a69fc8dc-877d-44a8-ac72-5b012c822c05}</VersionUUID>
      <Name>District Heating Total End Uses</Name>
      <ValueType>Double</ValueType>
      <Value>20.4</Value>
      <Units>GJ</Units>
    </Attribute>
    <Attribute>
      <UUID>{b4206c92-ce66-41ce-b4c1-fccf7b727c33}</UUID>
      <VersionUUID>{a61de0f9-28a2-4d28-8b32-9be3a4ee1ffd}</VersionUUID>
      <Name>EndUses.Electricity.InteriorLights.General</Name>
      <ValueType>Double</ValueType>
      <Value>17.66</Value>
      <Units>GJ</Units>
    </Attribute>
    <Attribute>
      <UUID>{f935e53f-a62e-4e17-8e6f-3e1329764eeb}</UUID>
      <VersionUUID>{dd577d43-fd77-4f93-8df7-224ae0896ba3}</VersionUUID>
      <Name>EndUses.Electricity.InteriorEquipment.General</Name>
      <ValueType>Double</ValueType>
      <Value>22.2</Value>
      <Units>GJ</Units>
    </Attribute>
    <Attribute>
      <UUID>{c77aa8b9-63a8-4dae-a5c7-3d1e007af997}</UUID>
      <VersionUUID>{44e2841c-c020-442a-9792-93f066bb34f7}</VersionUUID>
      <Name>EndUses.DistrictCooling.Cooling.General</Name>
      <ValueType>Double</ValueType>
      <Value>5.96</Value>
      <Units>GJ</Units>
    </Attribute>
    <Attribute>
      <UUID>{8384dc67-b014-443e-8946-e41489a6d76a}</UUID>
      <VersionUUID>{f6f5f51e-c3c7-42e1-97ac-93d5ee2dc200}</VersionUUID>
      <Name>EndUses.DistrictHeating.Heating.General</Name>
      <ValueType>Double</ValueType>
      <Value>20.4</Value>
      <Units>GJ</Units>
    </Attribute>
    <Attribute>
      <UUID>{e2281269-4cf0-4359-bc85-055fe10d3f83}</UUID>
      <VersionUUID>{c02ded28-760a-403d-8331-92a0fc445ebd}</VersionUUID>
      <Name>First Year Capital Costs</Name>
      <ValueType>Double</ValueType>
      <Value>0</Value>
      <Units>$</Units>
    </Attribute>
    <Attribute>
      <UUID>{58674885-8fb0-41f9-90de-a737688fbc87}</UUID>
      <VersionUUID>{b8044b60-b119-42ce-ac31-ed607d7565ed}</VersionUUID>
      <Name>Total Life Cycle Cost</Name>
      <ValueType>Double</ValueType>
      <Value>16731.89</Value>
      <Units>$</Units>
    </Attribute>
    <Attribute>
      <UUID>{c2871112-c2a9-42b2-9943-079dd4e5dbc6}</UUID>
      <VersionUUID>{e3f00861-cfca-47e7-b339-0e2523c52ef2}</VersionUUID>
      <Name>floorArea</Name>
      <DisplayName>Floor Area</DisplayName>
      <ValueType>Double</ValueType>
      <Value>223.581916746562</Value>
      <Units>m^2</Units>
    </Attribute>
    <Attribute>
      <UUID>{c16a6545-bbae-41b4-8943-11ec6a2683a9}</UUID>
      <VersionUUID>{c4f909b7-0890-4905-b97e-ed38ce2fccd1}</VersionUUID>
      <Name>conditionedFloorArea</Name>
      <DisplayName>Conditioned Floor Area</DisplayName>
      <ValueType>Double</ValueType>
      <Value>223.581916746562</Value>
      <Units>m^2</Units>
    </Attribute>
    <Attribute>
      <UUID>{f30b5cd9-3da5-457d-b0ff-8677a0fc9584}</UUID>
      <VersionUUID>{245ccc4e-959b-4ae5-9d7d-3d5561132706}</VersionUUID>
      <Name>EndUses</Name>
      <ValueType>AttributeVector</ValueType>
      <Value>
        <Attribute>
          <UUID>{ce7ebe1a-a921-46fb-962b-fa4328a4f567}</UUID>
          <VersionUUID>{1dd7c6ea-4783-4362-900a-76e0fa42a63a}</VersionUUID>
          <Name>Electricity</Name>
          <ValueType>AttributeVector</ValueType>
          <Value>
            <Attribute>
              <UUID>{6b2e3c20-ed7e-4577-97a9-72caa866a889}</UUID>
              <VersionUUID>{b3e7c6cf-9d9e-4643-8fa2-00e9fcd5470e}</VersionUUID>
              <Name>InteriorLights</Name>
              <ValueType>AttributeVector</ValueType>
              <Value>
                <Attribute>
                  <UUID>{d468c618-a8ce-470d-87ff-3f3a906f4a2b}</UUID>
                  <VersionUUID>{02468b95-9420-4d87-9a7d-63345ee7e3d6}</VersionUUID>
                  <Name>General</Name>
                  <ValueType>Double</ValueType>
                  <Value>17.66</Value>
                  <Units>GJ</Units>
                </Attribute>
              </Value>
            </Attribute>
            <Attribute>
              <UUID>{2093797d-c7d6-44f3-ae9f-38963ed6d02f}</UUID>
              <VersionUUID>{3d091dad-0170-4b7f-85b1-3c403acbcdde}</VersionUUID>
              <Name>InteriorEquipment</Name>
              <ValueType>AttributeVector</ValueType>
              <Value>
                <Attribute>
                  <UUID>{9c7b9bb7-0be8-44ac-8a8a-7ea4a6a0ab5d}</UUID>
                  <VersionUUID>{b37de4b9-c093-4a49-8cf9-00377cab14fa}</VersionUUID>
                  <Name>General</Name>
                  <ValueType>Double</ValueType>
                  <Value>22.2</Value>
                  <Units>GJ</Units>
                </Attribute>
              </Value>
            </Attribute>
          </Value>
        </Attribute>
        <Attribute>
          <UUID>{b01d9857-7870-4452-ba4b-acc8e33859b0}</UUID>
          <VersionUUID>{4ea56ffa-9da3-4629-8117-c21ce7ef9d19}</VersionUUID>
          <Name>DistrictCooling</Name>
          <ValueType>AttributeVector</ValueType>
          <Value>
            <Attribute>
              <UUID>{4644f132-e51e-4b7f-8b27-c157f88bc23c}</UUID>
              <VersionUUID>{d0c221d3-08df-413f-b2be-6d36bd050bfa}</VersionUUID>
              <Name>Cooling</Name>
              <ValueType>AttributeVector</ValueType>
              <Value>
                <Attribute>
                  <UUID>{95a655e0-2105-486b-a64d-8717a38584a6}</UUID>
                  <VersionUUID>{f5fda592-fa43-4b78-a46c-0b4d5f45907d}</VersionUUID>
                  <Name>General</Name>
                  <ValueType>Double</ValueType>
                  <Value>5.96</Value>
                  <Units>GJ</Units>
                </Attribute>
              </Value>
            </Attribute>
          </Value>
        </Attribute>
        <Attribute>
          <UUID>{ad2d0d2b-52bb-41b6-a459-abe34190dba9}</UUID>
          <VersionUUID>{51df06fb-f241-4749-83ca-d38379af273e}</VersionUUID>
          <Name>DistrictHeating</Name>
          <ValueType>AttributeVector</ValueType>
          <Value>
            <Attribute>
              <UUID>{6ea84067-9b03-46e6-85e4-331d06ea9945}</UUID>
              <VersionUUID>{dabe9734-7e2c-4f6a-b92a-c352f408e854}</VersionUUID>
              <Name>Heating</Name>
              <ValueType>AttributeVector</ValueType>
              <Value>
                <Attribute>
                  <UUID>{51941bd8-1ccc-4c25-8c48-49d838333223}</UUID>
                  <VersionUUID>{44b17733-d289-46a8-bb1f-7f29e4834c64}</VersionUUID>
                  <Name>General</Name>
                  <ValueType>Double</ValueType>
                  <Value>20.4</Value>
                  <Units>GJ</Units>
                </Attribute>
              </Value>
            </Attribute>
          </Value>
        </Attribute>
      </Value>
    </Attribute>
    <Attribute>
      <UUID>{c061b39f-4841-44ad-838c-ab6093157613}</UUID>
      <VersionUUID>{cd07ea4f-63dc-4ef2-871b-eea457bd1db8}</VersionUUID>
      <Name>CalibrationResult</Name>
      <ValueType>AttributeVector</ValueType>
      <Value>
        <Attribute>
          <UUID>{f25dcb5a-b309-4be0-96f1-d584f79db5e2}</UUID>
          <VersionUUID>{c309317e-a793-4343-8a32-2dbe1a33bbea}</VersionUUID>
          <Name>utilityBills</Name>
          <ValueType>AttributeVector</ValueType>
          <Value/>
        </Attribute>
      </Value>
    </Attribute>
  </Value>
</Attribute>
