<measure>
  <schema_version>3.0</schema_version>
  <name>calibration_reports</name>
  <uid>e6642d40-7366-4647-8724-53a37991d579</uid>
  <version_id>ec8d09da-9b78-4321-ac1c-3d9689e8e959</version_id>
  <version_modified>20170320T192149Z</version_modified>
  <xml_checksum>2C8A3EEF</xml_checksum>
  <class_name>CalibrationReports</class_name>
  <display_name>Calibration Reports</display_name>
  <description>Change me</description>
  <modeler_description>Change me</modeler_description>
  <arguments>
    <argument>
      <name>electric_nmbe_limit</name>
      <display_name>Electric NMBE limit (%)</display_name>
      <type>Double</type>
      <required>true</required>
      <model_dependent>false</model_dependent>
      <default_value>5</default_value>
    </argument>
    <argument>
      <name>electric_cvrmse_limit</name>
      <display_name>Electric CVRMSE limit (%)</display_name>
      <type>Double</type>
      <required>true</required>
      <model_dependent>false</model_dependent>
      <default_value>15</default_value>
    </argument>
    <argument>
      <name>gas_nmbe_limit</name>
      <display_name>Gas NMBE limit (%)</display_name>
      <type>Double</type>
      <required>true</required>
      <model_dependent>false</model_dependent>
      <default_value>5</default_value>
    </argument>
    <argument>
      <name>gas_cvrmse_limit</name>
      <display_name>Gas CVRMSE limit (%)</display_name>
      <type>Double</type>
      <required>true</required>
      <model_dependent>false</model_dependent>
      <default_value>15</default_value>
    </argument>
  </arguments>
  <outputs/>
  <provenances/>
  <tags>
    <tag>Reporting.QAQC</tag>
  </tags>
  <attributes>
    <attribute>
      <name>Measure Type</name>
      <value>ReportingMeasure</value>
      <datatype>string</datatype>
    </attribute>
    <attribute>
      <name>Uses SketchUp API</name>
      <value>false</value>
      <datatype>boolean</datatype>
    </attribute>
  </attributes>
  <files>
    <file>
      <filename>CalibrationReports_Test.rb</filename>
      <filetype>rb</filetype>
      <usage_type>test</usage_type>
      <checksum>469E58E1</checksum>
    </file>
    <file>
      <filename>report.html.in</filename>
      <filetype>in</filetype>
      <usage_type>resource</usage_type>
      <checksum>08CC0C71</checksum>
    </file>
    <file>
      <filename>ExampleModel.osm</filename>
      <filetype>osm</filetype>
      <usage_type>test</usage_type>
      <checksum>A930DF8D</checksum>
    </file>
    <file>
      <version>
        <software_program>OpenStudio</software_program>
        <identifier>1.11.0</identifier>
        <min_compatible>1.11.0</min_compatible>
      </version>
      <filename>measure.rb</filename>
      <filetype>rb</filetype>
      <usage_type>script</usage_type>
      <checksum>BC6F6A90</checksum>
    </file>
  </files>
</measure>
