<Attribute>
  <UUID>{3b0df1de-0cfc-466a-a0f2-42165fb2e3e2}</UUID>
  <VersionUUID>{c1cb4a2f-d347-465c-bae5-a0d78a29f29b}</VersionUUID>
  <Name>Report</Name>
  <ValueType>AttributeVector</ValueType>
  <Value>
    <Attribute>
      <UUID>{e4b7d5ec-912e-4dc0-bf35-00f59341cdbb}</UUID>
      <VersionUUID>{5aac8dcc-e423-4c5a-9a41-44b8b964b948}</VersionUUID>
      <Name>Total Site Energy</Name>
      <ValueType>Double</ValueType>
      <Value>65.45</Value>
      <Units>GJ</Units>
    </Attribute>
    <Attribute>
      <UUID>{66b8b9fa-3d7a-4930-9f2b-093f6d550240}</UUID>
      <VersionUUID>{985d882d-a9a0-40a8-a3ff-6c4f2ad33280}</VersionUUID>
      <Name>Net Site Energy</Name>
      <ValueType>Double</ValueType>
      <Value>65.45</Value>
      <Units>GJ</Units>
    </Attribute>
    <Attribute>
      <UUID>{a1028222-4f5e-4370-8805-7c3fa1e69911}</UUID>
      <VersionUUID>{88d314bf-95a7-4c25-9cf4-c1b358f73644}</VersionUUID>
      <Name>Total Source Energy</Name>
      <ValueType>Double</ValueType>
      <Value>196.43</Value>
      <Units>GJ</Units>
    </Attribute>
    <Attribute>
      <UUID>{99f8a116-ecfd-4c21-a71d-df90e9695138}</UUID>
      <VersionUUID>{462387b2-9db3-443d-a2ea-32817e0d74fa}</VersionUUID>
      <Name>Net Source Energy</Name>
      <ValueType>Double</ValueType>
      <Value>196.43</Value>
      <Units>GJ</Units>
    </Attribute>
    <Attribute>
      <UUID>{3bac993b-ad78-4de9-9c6b-90396beddf77}</UUID>
      <VersionUUID>{6bc260b3-f4ec-4b77-a411-61d15b82562c}</VersionUUID>
      <Name>Annual Total Utility Cost</Name>
      <ValueType>Double</ValueType>
      <Value>960.88</Value>
      <Units>$</Units>
    </Attribute>
    <Attribute>
      <UUID>{dacbf741-b476-45a3-ba96-9e90b5587ff5}</UUID>
      <VersionUUID>{88374aca-7e0c-4a62-975b-f9f762ff1e3b}</VersionUUID>
      <Name>Annual Electric Total Cost</Name>
      <ValueType>Double</ValueType>
      <Value>960.88</Value>
      <Units>$</Units>
    </Attribute>
    <Attribute>
      <UUID>{5965ef8f-39dd-4a4f-b806-7ab1d300234e}</UUID>
      <VersionUUID>{d8377ee6-baed-4392-a31f-0a8b43a2a110}</VersionUUID>
      <Name>Annual Gas Total Cost</Name>
      <ValueType>Double</ValueType>
      <Value>0</Value>
      <Units>$</Units>
    </Attribute>
    <Attribute>
      <UUID>{f5377691-87d0-4215-b1fb-e97f8b37be83}</UUID>
      <VersionUUID>{db6573c5-f5fd-4928-a68e-34f5b9cdb909}</VersionUUID>
      <Name>Net Site Energy Use Intentsity</Name>
      <ValueType>Double</ValueType>
      <Value>292.75</Value>
      <Units>MJ/m^2</Units>
    </Attribute>
    <Attribute>
      <UUID>{d88cadc2-25ad-4a03-899e-152c74a121fb}</UUID>
      <VersionUUID>{2a73d1b9-8c5b-4680-88d5-79e5cda12b36}</VersionUUID>
      <Name>Instantaneous Peak Electricity Demand</Name>
      <ValueType>Double</ValueType>
      <Value>2534.17</Value>
      <Units>kW</Units>
    </Attribute>
    <Attribute>
      <UUID>{25cafc43-7cec-496a-b13b-c953ecde9500}</UUID>
      <VersionUUID>{e5afb1aa-b1cc-47d2-8131-74c0fb612794}</VersionUUID>
      <Name>Electricity Total End Uses</Name>
      <ValueType>Double</ValueType>
      <Value>39.86</Value>
      <Units>GJ</Units>
    </Attribute>
    <Attribute>
      <UUID>{7d9d6443-dd08-4bb9-ad6d-f9ecfdb5a641}</UUID>
      <VersionUUID>{656c7578-b7b4-49f9-9c7b-f7ae0ba3b5d7}</VersionUUID>
      <Name>Natural Gas Total End Uses</Name>
      <ValueType>Double</ValueType>
      <Value>0</Value>
      <Units>GJ</Units>
    </Attribute>
    <Attribute>
      <UUID>{0e5616af-7c02-466f-9611-178f539026ca}</UUID>
      <VersionUUID>{df776e4d-0d0e-4e79-812d-8464abd6ea5c}</VersionUUID>
      <Name>District Cooling Total End Uses</Name>
      <ValueType>Double</ValueType>
      <Value>8.71</Value>
      <Units>GJ</Units>
    </Attribute>
    <Attribute>
      <UUID>{57f48b7d-a348-4fde-add5-54e57f2b0f21}</UUID>
      <VersionUUID>{2d64b728-3a35-4acb-b644-13c261e39b26}</VersionUUID>
      <Name>District Heating Total End Uses</Name>
      <ValueType>Double</ValueType>
      <Value>16.88</Value>
      <Units>GJ</Units>
    </Attribute>
    <Attribute>
      <UUID>{5f7d40a1-f0af-4a2e-8bbc-e2a95f99d99d}</UUID>
      <VersionUUID>{1b3b7672-920a-48cb-aada-9b616576ae90}</VersionUUID>
      <Name>EndUses.Electricity.InteriorLights.General</Name>
      <ValueType>Double</ValueType>
      <Value>17.66</Value>
      <Units>GJ</Units>
    </Attribute>
    <Attribute>
      <UUID>{0f73d86e-271d-4879-8e69-dd5ae85bfd52}</UUID>
      <VersionUUID>{3cb92bfe-a4a4-499b-af7b-dba2fe6582af}</VersionUUID>
      <Name>EndUses.Electricity.InteriorEquipment.General</Name>
      <ValueType>Double</ValueType>
      <Value>22.2</Value>
      <Units>GJ</Units>
    </Attribute>
    <Attribute>
      <UUID>{759d22b1-ba45-45cc-b7ff-b21ebada5522}</UUID>
      <VersionUUID>{892f637e-11a5-4df5-a2ca-6bfe01b37b1b}</VersionUUID>
      <Name>EndUses.DistrictCooling.Cooling.General</Name>
      <ValueType>Double</ValueType>
      <Value>8.71</Value>
      <Units>GJ</Units>
    </Attribute>
    <Attribute>
      <UUID>{02b54fe0-0c24-409c-b347-4b4dbf0d0a0a}</UUID>
      <VersionUUID>{864aca22-4cd3-437d-b7da-7b748d2b69ca}</VersionUUID>
      <Name>EndUses.DistrictHeating.Heating.General</Name>
      <ValueType>Double</ValueType>
      <Value>16.88</Value>
      <Units>GJ</Units>
    </Attribute>
    <Attribute>
      <UUID>{f423d11c-7c0f-4701-b813-fa1150c6e62a}</UUID>
      <VersionUUID>{72410956-3f17-4e8d-8ad9-d304b6007216}</VersionUUID>
      <Name>First Year Capital Costs</Name>
      <ValueType>Double</ValueType>
      <Value>0</Value>
      <Units>$</Units>
    </Attribute>
    <Attribute>
      <UUID>{b42d4481-367d-4899-800a-69b6c4fbb75f}</UUID>
      <VersionUUID>{b8b58544-633c-4e12-ba76-b16aa9bee0ec}</VersionUUID>
      <Name>Total Life Cycle Cost</Name>
      <ValueType>Double</ValueType>
      <Value>16731.89</Value>
      <Units>$</Units>
    </Attribute>
    <Attribute>
      <UUID>{7f302558-6a9c-4726-8b4d-d714fca4c600}</UUID>
      <VersionUUID>{fd93481d-a750-4e6b-80c4-bf8f4a22844e}</VersionUUID>
      <Name>floorArea</Name>
      <DisplayName>Floor Area</DisplayName>
      <ValueType>Double</ValueType>
      <Value>223.581916746562</Value>
      <Units>m^2</Units>
    </Attribute>
    <Attribute>
      <UUID>{55a25a51-f3e6-48c3-8b6f-9507b9966758}</UUID>
      <VersionUUID>{43bfeb17-8e7b-44d1-be7f-dd805e828ea9}</VersionUUID>
      <Name>conditionedFloorArea</Name>
      <DisplayName>Conditioned Floor Area</DisplayName>
      <ValueType>Double</ValueType>
      <Value>223.581916746562</Value>
      <Units>m^2</Units>
    </Attribute>
    <Attribute>
      <UUID>{316e286b-5b94-4214-9cb9-7c5721bdecdc}</UUID>
      <VersionUUID>{f6e61978-64fd-4803-a7d7-7a37d9c2f090}</VersionUUID>
      <Name>EndUses</Name>
      <ValueType>AttributeVector</ValueType>
      <Value>
        <Attribute>
          <UUID>{9eb57e5b-47f0-4dd7-b505-12cf9b94dd94}</UUID>
          <VersionUUID>{5a33f489-8b77-411f-b51d-793af411de54}</VersionUUID>
          <Name>Electricity</Name>
          <ValueType>AttributeVector</ValueType>
          <Value>
            <Attribute>
              <UUID>{022dda82-bb10-4daf-bcc6-3c8471f4cb7f}</UUID>
              <VersionUUID>{a39225a4-fea7-4ab0-a0e4-783051402079}</VersionUUID>
              <Name>InteriorLights</Name>
              <ValueType>AttributeVector</ValueType>
              <Value>
                <Attribute>
                  <UUID>{c7d85258-81d7-4b5d-a6eb-35de7b543a6a}</UUID>
                  <VersionUUID>{737ec16e-a746-4283-ace5-e7e5d95de7a6}</VersionUUID>
                  <Name>General</Name>
                  <ValueType>Double</ValueType>
                  <Value>17.66</Value>
                  <Units>GJ</Units>
                </Attribute>
              </Value>
            </Attribute>
            <Attribute>
              <UUID>{afccbf94-c245-4385-b793-1fa43a3eb9e2}</UUID>
              <VersionUUID>{48501e89-d513-4093-9a80-4e6fdedaf230}</VersionUUID>
              <Name>InteriorEquipment</Name>
              <ValueType>AttributeVector</ValueType>
              <Value>
                <Attribute>
                  <UUID>{84df8972-3d6c-4bb0-a1f0-0af9c547c8a0}</UUID>
                  <VersionUUID>{39a8b579-a6d1-4d0c-83d5-1cc17c60ceb0}</VersionUUID>
                  <Name>General</Name>
                  <ValueType>Double</ValueType>
                  <Value>22.2</Value>
                  <Units>GJ</Units>
                </Attribute>
              </Value>
            </Attribute>
          </Value>
        </Attribute>
        <Attribute>
          <UUID>{8c79f7ad-9643-4243-a8f5-95bc5c620804}</UUID>
          <VersionUUID>{38530a54-aec4-4db6-b239-838ee26885c1}</VersionUUID>
          <Name>DistrictCooling</Name>
          <ValueType>AttributeVector</ValueType>
          <Value>
            <Attribute>
              <UUID>{b763ac87-04ba-4d2a-9a4b-f2c3aaae44dd}</UUID>
              <VersionUUID>{e4d53891-66b3-4fa9-8b59-a37512636ca0}</VersionUUID>
              <Name>Cooling</Name>
              <ValueType>AttributeVector</ValueType>
              <Value>
                <Attribute>
                  <UUID>{aa4aed96-8bfa-4a6d-83d6-9bf4c2435901}</UUID>
                  <VersionUUID>{8712bfbd-b20c-4588-9b1f-74db663a577c}</VersionUUID>
                  <Name>General</Name>
                  <ValueType>Double</ValueType>
                  <Value>8.71</Value>
                  <Units>GJ</Units>
                </Attribute>
              </Value>
            </Attribute>
          </Value>
        </Attribute>
        <Attribute>
          <UUID>{7f665cb8-8d9f-4f7d-ab40-0dfccacf201c}</UUID>
          <VersionUUID>{c1e9c498-52af-4c8a-a252-c358a1ae6a23}</VersionUUID>
          <Name>DistrictHeating</Name>
          <ValueType>AttributeVector</ValueType>
          <Value>
            <Attribute>
              <UUID>{37bedd15-38db-414b-bbed-f87cc05a6d25}</UUID>
              <VersionUUID>{b88c246f-12b6-4788-a864-57272260feac}</VersionUUID>
              <Name>Heating</Name>
              <ValueType>AttributeVector</ValueType>
              <Value>
                <Attribute>
                  <UUID>{8c61a676-0bba-461c-986b-a5f51c9c71e3}</UUID>
                  <VersionUUID>{30a09933-fac2-4203-a2df-ff9f0a4194df}</VersionUUID>
                  <Name>General</Name>
                  <ValueType>Double</ValueType>
                  <Value>16.88</Value>
                  <Units>GJ</Units>
                </Attribute>
              </Value>
            </Attribute>
          </Value>
        </Attribute>
      </Value>
    </Attribute>
    <Attribute>
      <UUID>{eefe1082-b9e3-4ac0-a6e7-129b2912430f}</UUID>
      <VersionUUID>{eca5ea7c-0aec-48c9-a4a3-ca3b73881ddf}</VersionUUID>
      <Name>CalibrationResult</Name>
      <ValueType>AttributeVector</ValueType>
      <Value>
        <Attribute>
          <UUID>{02bd698b-9838-4c53-8251-66bca53ef3b0}</UUID>
          <VersionUUID>{320db7cd-2e2c-46e1-8b2e-8752825068a1}</VersionUUID>
          <Name>utilityBills</Name>
          <ValueType>AttributeVector</ValueType>
          <Value/>
        </Attribute>
      </Value>
    </Attribute>
  </Value>
</Attribute>
